日期,大里,彰化,沙鹿,二林,竹山,埔里,南投,豐原,線西,西屯,忠明,菜寮,富貴角,大同,觀音,士林,龍潭,萬里,陽明,板橋,林口,平鎮,汐止,基隆,永和,古亭,三重,松山,淡水,土城,中山,新莊,大園,中壢,新店,萬華,桃園,三義,頭份,竹東,湖口,新竹,苗栗,宜蘭,冬山,臺東,關山,花蓮,左營,復興,前金,仁武,鳳山,潮州,小港,橋頭,屏東,美濃,林園,恆春,楠梓,前鎮,大寮,麥寮,善化,斗六,臺西,新港,嘉義,臺南,朴子,安南,崙背,新營
2019-01-01,20.54,20.49,19.73,19.72,20.13,20.18,20.68,18.49,19.39,19.39,19.69,19.1,18.45,NaN,17.71,20.0,17.5,18.94,13.86,19.41,17.0,18.05,18.78,18.47,18.81,18.88,19.63,18.36,18.6,19.32,18.96,19.48,18.73,18.52,21.42,19.51,17.74,16.85,18.92,20.14,17.75,19.17,19.67,18.6,18.93,22.39,19.97,20.67,21.72,22.56,21.61,21.66,22.31,22.42,23.59,21.44,23.03,22.52,22.88,23.42,21.17,22.56,22.2,19.26,21.08,20.9,19.25,19.75,20.27,20.88,20.77,20.9,19.62,20.86
2019-01-08,21.72,21.16,20.87,20.09,21.0,21.36,21.82,19.74,19.6,20.23,20.76,20.42,19.32,NaN,18.36,20.92,18.55,19.87,14.32,20.9,17.72,18.85,19.95,19.16,21.62,20.31,20.9,19.66,19.53,20.67,20.3,20.93,19.4,19.46,21.66,20.71,18.86,17.84,19.53,21.21,18.64,20.06,20.22,19.95,19.87,23.64,21.14,21.44,23.15,23.77,22.78,22.88,23.69,23.63,24.83,22.71,24.43,23.97,23.86,23.55,22.49,23.71,23.62,19.13,21.9,21.88,19.09,20.29,21.12,21.82,21.31,21.78,19.99,21.62
2019-01-15,18.9,17.53,17.6,17.61,18.07,18.29,18.4,16.62,17.32,17.53,17.97,18.01,17.61,NaN,16.12,18.57,15.92,17.79,11.33,18.58,15.4,16.49,17.32,17.22,18.42,17.77,18.57,17.2,16.72,17.92,17.94,18.16,16.84,16.98,18.75,18.39,16.36,14.81,16.55,17.84,16.17,17.55,16.65,18.04,17.97,20.91,18.51,19.92,20.47,20.89,19.92,19.8,20.51,20.95,21.79,19.54,21.11,20.81,21.25,21.47,19.12,20.85,20.48,17.13,19.19,18.85,16.94,17.58,18.16,18.91,18.7,19.02,17.41,18.85
2019-01-22,17.38,15.71,16.03,16.44,16.57,16.12,17.11,15.0,16.45,16.2,17.03,16.79,15.72,NaN,15.46,17.34,14.47,16.72,9.15,17.43,14.26,15.62,16.16,15.95,17.88,16.58,17.34,15.9,15.31,16.7,16.74,16.94,15.8,16.14,16.16,17.05,15.14,13.23,15.18,15.04,15.41,16.57,15.52,16.07,16.23,19.56,17.0,17.88,18.79,19.56,18.42,18.35,19.17,19.22,20.42,18.03,19.92,19.38,19.82,20.13,17.53,19.36,19.03,16.15,17.68,17.34,15.93,16.07,16.72,17.39,17.22,17.72,16.16,17.2
2019-01-29,20.5,18.46,19.45,19.12,19.95,19.12,20.58,18.47,18.98,19.49,20.08,19.43,16.3,NaN,16.91,19.88,17.69,18.38,13.42,20.82,17.35,18.09,18.95,18.26,20.52,19.49,19.99,18.9,17.96,19.28,19.61,19.75,17.76,18.75,19.16,19.77,18.18,17.12,17.24,17.87,17.29,18.38,19.43,18.92,18.76,21.81,19.44,20.2,22.68,23.27,22.44,22.3,23.05,22.39,23.55,21.88,23.27,22.58,23.03,22.16,21.63,23.19,22.57,18.8,20.95,20.94,18.85,19.65,20.36,21.1,20.75,21.46,19.29,21.04
2019-02-05,20.91,19.27,19.96,20.27,20.44,20.48,21.02,18.69,19.95,19.68,20.04,18.67,15.74,NaN,16.89,19.18,16.56,17.29,12.73,20.12,15.79,17.05,17.6,16.72,18.58,18.25,19.19,17.62,17.14,18.67,18.53,18.88,16.82,17.44,18.04,18.77,17.17,16.62,17.6,17.67,16.91,18.23,19.22,19.49,19.43,23.19,21.27,21.11,22.81,23.42,22.45,22.43,23.19,23.06,23.91,22.35,23.69,23.15,23.48,23.08,21.86,23.25,22.94,19.91,21.58,21.53,20.14,20.51,21.01,21.98,21.54,22.61,20.33,21.58
2019-02-12,21.61,19.81,20.51,20.94,21.21,21.05,21.67,19.48,20.43,20.44,20.83,19.43,17.83,NaN,17.83,19.99,17.53,18.44,13.92,21.85,16.96,18.19,18.62,17.69,20.2,19.54,19.96,18.59,18.22,19.85,19.37,19.88,17.66,18.55,19.2,19.71,18.45,17.19,18.42,18.45,17.79,18.99,20.82,19.92,19.69,23.67,21.85,21.23,23.51,24.17,22.93,23.23,24.01,23.87,24.31,23.19,24.67,24.19,24.23,23.49,22.7,24.04,23.73,20.33,22.43,22.11,20.36,21.09,21.56,22.58,22.26,22.92,20.86,22.33
2019-02-19,20.9,18.32,19.37,19.82,20.48,20.63,21.07,18.74,19.28,19.66,19.9,18.62,18.11,NaN,17.22,19.22,17.08,18.2,13.43,19.99,16.51,17.64,18.27,17.61,18.4,19.14,19.13,18.05,17.75,19.07,18.63,19.12,17.69,18.06,18.53,19.11,17.76,16.87,17.76,17.94,17.53,18.74,18.64,19.45,19.35,23.96,21.42,21.0,23.74,24.19,23.02,23.3,24.02,23.91,24.16,23.0,24.43,23.98,24.98,24.18,22.77,24.15,23.58,19.48,22.12,21.32,19.66,20.24,21.03,22.29,21.47,22.12,19.84,21.72
2019-02-26,21.94,19.01,20.38,20.95,21.36,20.99,22.04,19.71,20.44,20.77,21.14,19.54,18.66,NaN,18.09,19.64,17.88,18.8,13.96,19.32,17.31,18.5,19.0,18.24,19.37,20.08,20.12,18.94,18.72,19.89,19.53,19.96,18.59,18.99,19.28,19.88,18.78,17.9,18.59,18.6,18.11,19.4,19.32,19.74,19.66,24.2,21.89,21.68,23.5,24.17,22.89,23.21,23.93,23.72,24.17,23.16,24.46,24.35,24.98,23.46,22.79,24.0,23.57,20.38,22.29,22.39,20.56,21.23,21.66,22.65,22.34,22.93,20.94,22.4
2019-03-05,18.73,15.96,18.15,18.25,18.49,18.01,18.57,16.86,18.15,18.17,17.84,16.97,17.31,NaN,16.27,17.16,15.34,17.29,11.14,16.92,15.11,16.0,16.98,16.64,15.57,17.48,17.52,16.66,19.3,17.33,17.06,17.42,16.75,16.36,16.88,17.6,16.29,15.06,16.07,15.88,15.77,17.02,17.13,17.9,17.78,21.48,19.03,18.84,22.03,22.74,21.56,21.6,22.33,22.59,22.66,21.07,22.71,21.74,23.44,22.19,20.77,22.56,21.92,18.31,20.05,19.79,18.56,18.63,19.04,20.2,19.84,20.54,18.23,19.8
2019-03-12,21.56,19.09,20.19,20.93,20.88,19.55,21.46,19.09,20.92,20.94,21.15,20.11,19.62,NaN,18.77,20.13,18.2,18.83,12.93,20.69,17.92,19.18,19.6,18.89,20.04,20.71,20.61,19.6,19.88,20.23,20.19,20.45,19.81,19.55,19.95,20.57,19.82,17.75,18.97,18.78,18.78,19.95,19.54,19.67,19.8,22.04,19.45,20.43,23.34,24.1,22.87,22.96,23.77,23.28,23.89,22.72,24.01,23.27,24.67,22.12,22.4,23.82,23.27,20.54,21.64,22.46,20.78,21.23,21.5,22.34,21.95,22.66,20.89,22.09
2019-03-19,22.47,20.09,21.66,21.67,21.66,21.25,22.38,20.43,21.68,21.82,22.0,20.88,20.02,NaN,19.32,20.82,19.16,20.08,14.69,22.27,18.56,19.72,20.22,19.64,20.09,21.31,21.42,20.23,19.82,21.06,20.84,21.27,20.45,20.18,20.56,21.2,20.6,19.02,20.08,19.86,19.48,20.52,20.83,20.49,20.47,24.2,22.21,21.98,24.22,25.07,23.83,23.86,24.72,24.04,24.76,23.61,24.96,24.04,24.93,23.96,23.25,24.76,24.16,21.15,22.25,23.16,21.37,21.78,22.18,23.16,22.41,23.33,21.55,22.8
2019-03-26,23.44,22.28,22.29,22.76,22.73,22.11,23.46,21.38,22.51,21.37,23.01,21.48,20.73,NaN,20.24,21.38,20.04,20.77,14.89,23.43,19.34,20.76,20.82,20.28,20.71,21.94,22.02,20.83,20.65,21.67,21.48,21.82,21.17,21.18,21.18,21.83,21.22,19.79,21.25,20.79,20.72,21.78,21.73,20.69,20.94,24.57,22.05,22.23,25.12,25.74,24.49,24.69,25.43,24.93,25.61,24.65,25.94,25.44,25.46,24.41,24.28,25.48,25.0,22.23,23.67,24.33,22.49,23.03,23.15,24.29,23.58,24.7,22.75,23.91
2019-04-02,23.7,22.52,22.95,22.96,23.14,22.66,23.9,21.65,22.82,22.84,23.41,23.13,22.12,NaN,21.96,22.71,21.22,22.21,16.94,24.07,20.91,21.93,22.73,21.96,22.47,23.61,23.63,22.66,21.92,23.01,23.14,23.35,22.0,22.43,22.68,23.54,22.94,20.55,21.84,21.49,21.74,22.65,22.37,23.36,23.22,25.47,23.86,23.47,25.11,26.05,24.7,24.89,25.78,25.55,25.6,24.92,26.51,26.11,25.87,24.73,24.49,25.73,25.4,22.41,23.94,24.52,22.63,23.37,23.42,24.54,23.89,24.91,23.04,24.28
2019-04-09,24.83,23.53,23.41,24.16,24.64,23.93,25.01,22.66,23.64,23.43,24.18,22.82,21.79,NaN,21.68,22.6,21.04,22.0,16.25,24.1,20.38,21.79,22.29,21.69,21.82,23.29,23.34,22.33,21.78,22.88,22.85,23.06,21.76,22.2,22.36,23.17,22.86,20.76,22.2,21.9,21.71,22.96,22.62,22.2,22.26,25.64,23.81,23.75,26.56,27.46,26.19,26.33,27.15,26.52,26.98,26.41,27.68,27.1,26.95,25.63,26.13,27.14,26.69,23.51,25.46,25.87,23.76,24.77,24.98,25.86,25.21,26.31,24.23,25.68
2019-04-16,24.94,23.85,24.94,24.55,24.32,22.63,24.94,23.15,24.36,24.43,24.69,24.29,23.26,NaN,23.15,23.99,22.76,23.13,18.56,26.01,22.24,23.28,23.96,23.24,23.23,24.88,24.78,23.85,23.16,24.37,24.35,24.61,23.68,23.68,24.01,24.59,24.29,22.07,23.24,23.15,22.98,24.05,23.99,24.26,24.38,25.67,23.76,24.26,26.33,27.08,25.9,26.08,26.59,25.93,26.47,25.93,26.8,26.3,26.67,26.22,25.62,26.7,26.14,23.92,25.36,26.04,24.4,24.93,24.93,25.85,25.35,26.27,24.52,26.12
2019-04-23,28.04,26.91,27.51,27.2,26.99,25.92,28.04,26.07,27.13,26.91,28.02,27.46,25.07,NaN,25.61,26.99,25.87,25.86,20.47,30.01,24.97,26.24,26.72,25.79,27.17,27.84,27.8,26.67,25.85,27.5,27.34,27.63,26.16,26.83,26.95,27.22,27.75,24.71,26.66,26.66,25.8,27.29,26.58,26.62,26.62,28.6,27.48,26.86,28.47,29.15,27.91,28.18,28.91,27.81,28.39,28.25,29.12,28.73,28.51,27.63,28.02,28.77,28.11,26.12,27.15,28.65,26.57,27.45,27.39,28.17,27.82,28.55,27.04,28.66
2019-04-30,24.15,23.03,24.06,23.51,23.24,22.03,23.96,22.03,23.53,23.34,23.84,23.32,22.93,NaN,22.48,23.09,21.29,22.73,16.07,26.83,20.96,22.34,22.57,22.28,22.26,23.55,23.72,22.46,22.28,23.38,23.14,23.56,22.82,22.68,22.82,23.51,23.09,20.53,22.55,21.82,22.14,23.41,22.73,22.05,22.2,24.7,22.76,22.97,25.45,26.14,25.04,24.95,25.41,24.7,25.25,24.85,25.44,25.0,25.51,24.3,24.4,25.8,24.81,23.13,24.31,25.0,23.55,24.01,24.02,24.83,24.6,25.21,23.52,24.79
2019-05-07,25.29,23.65,24.1,24.32,24.64,24.01,25.2,23.21,23.93,24.24,24.78,23.64,22.59,NaN,22.32,23.66,21.89,22.55,17.66,24.7,21.46,22.7,22.85,22.19,22.6,23.84,24.06,22.72,22.72,23.74,23.44,23.92,22.82,23.14,23.32,23.76,23.41,21.55,22.85,22.82,22.55,23.77,23.21,24.285,22.84,26.11,24.27,24.34,26.55,27.69,26.03,26.4,27.13,26.53,26.52,26.46,27.53,27.12,27.13,25.94,26.0,27.17,26.74,22.04,25.06,26.02,24.02,24.7,24.79,25.82,25.1,26.11,24.26,25.41
2019-05-14,27.61,26.87,27.75,27.74,26.89,24.18,27.54,26.07,28.02,27.08,27.7,27.92,26.27,NaN,26.56,27.4,26.29,26.47,21.2,30.19,25.76,26.77,27.34,26.47,27.36,28.29,28.28,27.42,26.4,27.96,27.83,28.06,26.92,27.37,27.37,27.93,27.43,24.88,27.63,26.71,26.68,28.19,27.47,26.52,26.51,28.48,26.93,26.68,29.51,29.96,28.83,28.97,29.4,28.3,29.21,29.17,29.13,28.11,29.34,28.01,28.85,29.57,28.87,29.48,27.77,29.13,28.07,28.43,27.82,29.21,28.76,29.51,28.98,28.97
2019-05-21,26.35,25.26,25.7,26.01,25.57,24.06,26.24,24.6,26.01,25.52,26.3,26.55,25.17,NaN,25.62,26.51,24.43,24.95,19.16,27.68,24.22,25.4,25.75,25.17,25.84,26.75,26.89,25.65,25.33,26.28,26.28,26.73,25.61,25.81,25.73,26.38,25.65,23.12,25.29,24.73,25.45,26.39,25.09,24.29,24.31,25.47,23.59,24.14,27.75,28.08,27.07,27.15,27.49,26.66,27.58,27.39,27.36,26.92,27.26,25.17,26.93,27.75,26.73,27.44,26.6,27.34,25.92,26.47,26.23,27.41,26.86,27.85,26.88,27.24
2019-05-28,27.84,26.87,26.93,27.23,26.53,25.11,27.62,26.32,27.14,26.64,27.75,27.07,25.62,NaN,26.29,27.55,25.6,25.7,20.08,27.5,24.67,25.92,26.4,25.47,26.43,27.28,27.49,26.42,25.62,26.73,26.92,27.43,25.76,26.49,26.45,26.84,26.58,24.26,27.25,26.09,25.89,27.18,26.28,25.29,25.75,28.31,26.36,26.09,29.26,29.67,28.73,28.75,29.28,28.38,29.23,29.0,29.44,28.49,29.11,27.49,28.72,29.29,28.58,26.9,27.84,28.77,26.95,27.58,27.41,28.45,27.97,28.68,28.11,28.54
2019-06-04,28.68,28.33,28.77,28.55,27.11,25.08,28.25,27.95,28.76,27.73,29.05,30.09,28.2,NaN,28.71,30.32,28.2,28.2,22.31,30.37,27.73,28.73,28.92,28.0,28.94,29.68,30.47,29.32,28.25,28.88,29.8,30.15,28.39,29.4,28.84,29.83,29.43,26.29,30.16,28.31,28.38,29.75,29.32,28.5,28.71,29.83,27.57,28.32,29.97,30.33,29.7,29.44,30.03,29.21,29.94,29.57,30.18,29.32,29.67,28.69,29.33,29.97,29.25,28.41,28.79,30.0,28.66,29.44,29.03,29.38,29.73,29.69,29.79,30.08
2019-06-11,27.05,26.24,27.3,26.98,26.06,24.53,26.75,25.86,26.77,26.63,27.05,26.29,25.24,NaN,25.61,27.38,24.87,25.28,18.94,26.67,24.27,25.43,25.88,25.28,24.75,24.97,26.68,25.56,25.12,25.79,26.12,26.49,25.25,25.73,25.74,26.46,25.47,24.07,25.87,25.42,25.55,26.47,26.5,25.5,25.08,27.37,25.16,25.81,28.93,29.25,29.1,28.37,28.7,28.17,28.89,28.56,28.86,27.95,28.47,28.66,28.15,28.94,27.97,26.81,27.41,28.23,27.02,27.47,27.01,28.11,27.78,28.14,27.87,27.91
2019-06-18,29.53,29.51,29.17,29.49,28.79,26.6,29.83,28.45,29.17,28.51,29.79,29.99,28.08,NaN,28.33,30.75,27.99,28.51,22.62,30.19,27.6,28.39,29.43,28.66,28.65,26.735,30.43,29.52,28.12,29.12,29.91,29.94,28.26,29.0,28.98,29.75,28.98,26.55,29.38,28.35,28.18,29.6,29.5,28.46,27.515,30.56,29.75,28.88,30.47,30.89,30.79,30.01,30.6,29.83,30.47,30.15,30.8,30.17,30.19,28.63,29.89,30.57,30.02,28.83,29.29,27.045,29.01,29.91,29.37,29.99,30.25,30.32,30.0,30.51
2019-06-25,29.44,29.53,29.14,29.42,28.19,26.72,29.2,28.06,29.29,28.8,29.76,29.9,28.43,NaN,29.21,30.25,28.33,28.56,22.69,29.29,27.95,29.13,29.73,28.94,29.1,28.5,30.2,29.36,28.52,29.16,29.78,29.93,29.06,29.58,29.41,30.05,28.71,26.46,29.36,28.24,28.88,29.98,29.44,28.94,29.95,30.27,29.14,29.05,29.44,29.57,29.61,28.82,29.07,28.32,29.29,29.04,29.4,28.81,29.29,27.33,28.59,29.29,28.53,28.41,28.77,25.86,28.56,29.3,28.69,29.14,29.46,29.47,29.43,29.62
2019-07-02,29.47,29.31,29.08,29.07,28.18,26.03,28.57,28.67,29.14,29.55,29.55,31.05,29.3,NaN,29.27,31.29,30.38,29.54,23.16,30.33,28.5,29.67,30.33,29.46,30.03,29.43,31.47,30.36,29.11,30.12,30.91,30.69,29.51,30.44,30.06,30.98,29.54,26.92,30.71,29.28,29.48,30.85,30.42,29.81,30.0,30.67,29.8,29.39,28.54,28.7,28.44,27.98,28.06,28.425,28.42,28.06,28.19,27.77,28.19,27.57,27.6,28.31,27.4,28.43,28.23,30.72,28.35,28.99,28.15,27.97,29.19,28.37,29.16,28.85
2019-07-09,29.92,30.01,30.0,29.82,28.73,26.54,31.65,28.82,29.78,30.25,30.08,31.48,29.46,NaN,29.84,31.71,30.97,29.29,23.45,30.75,29.24,30.37,30.44,29.45,30.41,29.65,31.83,30.7,29.7,30.34,31.2,31.45,29.99,31.01,30.22,31.39,30.51,27.08,30.89,29.88,30.17,31.35,30.56,29.94,30.01,31.13,31.08,29.85,29.38,29.68,29.2,28.84,29.07,28.53,29.36,29.11,29.23,29.17,28.48,28.16,28.64,29.26,28.53,28.97,28.43,31.45,28.99,29.53,29.02,28.86,29.64,29.29,29.64,29.63
2019-07-16,30.01,30.03,30.08,30.06,28.49,26.82,29.76,28.5,29.96,30.43,30.25,30.33,28.86,NaN,29.77,30.88,30.36,28.76,23.07,29.63,28.34,29.97,29.93,29.26,28.88,28.89,30.8,29.68,29.23,29.57,30.13,30.65,29.86,30.52,29.5,30.54,29.46,26.83,30.61,29.25,30.35,31.2,30.32,29.47,29.86,30.65,29.04,29.52,28.85,29.38,28.63,28.5,28.85,28.09,28.99,28.81,29.15,29.22,28.77,27.39,28.21,28.98,28.25,28.76,28.33,30.79,28.75,29.42,28.74,28.65,29.57,29.04,29.53,29.4
2019-07-23,29.49,29.83,30.64,29.84,27.99,26.59,29.16,27.91,29.69,29.61,30.31,30.42,29.29,NaN,28.5,30.44,29.84,30.235,23.41,29.53,28.52,29.64,30.41,29.95,29.16,28.53,30.81,29.8,29.48,29.26,30.13,30.73,29.97,29.97,29.44,30.46,30.14,26.81,29.32,28.23,29.37,30.05,29.56,29.7,29.37,30.71,29.015,29.41,30.05,30.71,29.76,29.53,30.31,29.09,30.11,30.2,29.96,29.77,29.98,27.6,29.29,30.17,29.24,29.04,28.86,29.74,29.29,29.77,28.73,29.65,30.19,29.81,29.83,29.96
2019-07-30,29.61,30.23,31.56,30.18,27.95,27.05,29.31,28.34,30.14,30.05,31.28,31.81,29.26,NaN,27.23,31.65,30.68,NaN,23.2,31.2,29.48,30.61,31.39,30.39,31.16,30.4,32.34,31.04,30.82,31.21,31.48,32.2,31.29,31.08,30.96,31.5,30.82,27.72,30.32,29.09,30.5,30.98,30.32,29.92,29.17,29.66,28.99,29.59,29.68,30.9,29.55,29.2,30.41,28.85,29.92,30.0,29.46,29.4,29.76,27.09,28.76,29.81,29.08,29.1,28.42,28.73,29.41,29.53,28.19,29.33,29.87,29.25,29.88,29.43
2019-08-06,29.44,29.61,29.95,29.87,28.49,26.65,29.37,27.95,29.75,29.33,29.79,31.01,29.57,NaN,25.65,30.8,29.95,31.71,23.37,30.18,28.37,29.5,30.69,30.31,30.33,29.53,31.55,30.52,29.33,30.27,30.81,31.22,29.91,30.04,30.24,31.15,29.05,26.73,29.79,29.03,29.41,30.3,29.65,29.68,28.86,30.52,29.98,29.74,29.99,30.92,29.81,29.62,29.87,29.13,30.01,30.65,29.52,29.33,29.93,28.14,29.21,30.14,29.18,29.4,29.25,28.88,30.01,30.09,28.74,29.78,30.61,29.94,30.12,29.95
2019-08-13,27.6,27.45,26.87,27.62,26.92,24.99,27.44,26.63,27.74,27.33,27.56,31.15,29.07,NaN,26.39,30.63,29.6,29.59,23.38,30.25,28.46,29.36,30.53,29.49,30.75,29.69,31.74,30.64,29.21,30.12,31.02,31.14,29.36,29.96,29.91,31.05,29.53,25.55,29.42,28.33,29.2,30.05,28.82,28.73,26.74,28.98,27.95,28.82,27.44,27.76,27.57,27.06,27.06,26.85,27.25,27.96,27.17,26.66,27.33,26.17,26.38,27.36,26.65,27.51,27.04,27.25,27.83,27.8,26.97,27.1,28.66,27.28,27.74,27.82
2019-08-20,29.22,28.96,29.16,28.81,27.56,26.36,28.51,27.37,29.08,29.03,29.62,29.95,28.3,NaN,28.41,29.77,29.2,28.81,22.49,29.3,27.49,28.93,29.72,28.95,29.62,28.61,30.38,29.34,28.7,29.34,29.72,30.25,29.01,29.3,29.4,30.32,28.83,26.45,29.6,28.05,28.92,30.03,29.06,28.57,26.93,28.33,27.32,27.98,28.55,29.42,28.58,28.37,28.53,28.02,28.51,29.39,28.58,28.71,28.34,26.35,27.87,28.55,27.94,28.23,27.94,28.09,28.59,28.76,27.86,28.28,30.03,28.38,28.64,28.87
2019-08-27,29.75,29.37,29.47,29.39,28.3,27.25,29.23,27.85,29.42,29.53,30.47,31.43,29.06,NaN,28.91,31.1,28.46,29.63,22.6,30.75,28.92,29.51,31.09,29.79,31.14,29.81,31.82,30.69,29.94,30.32,31.12,31.65,29.61,30.0,30.59,31.7,29.72,26.84,29.17,28.13,29.13,30.01,29.4,29.41,29.12,28.85,28.22,28.8,29.34,29.99,29.26,29.11,29.68,28.7,29.5,30.03,29.7,29.92,29.33,27.17,28.65,29.49,29.24,28.58,28.22,28.57,29.05,29.45,28.49,29.23,30.63,29.45,29.18,29.46
2019-09-03,28.82,28.88,29.23,28.86,27.4,26.24,28.03,27.32,29.24,28.94,29.93,29.03,27.63,NaN,27.83,28.61,27.48,27.61,22.02,28.64,26.85,28.55,29.48,26.9,28.45,27.34,29.48,28.31,27.81,28.41,28.79,29.45,28.39,28.94,28.06,29.3,28.17,26.09,28.63,27.43,28.56,29.43,28.88,27.26,27.23,28.24,26.89,28.02,28.75,28.95,28.73,28.38,28.55,27.52,28.78,29.25,28.49,28.74,28.61,26.15,28.03,28.75,27.85,28.27,28.235,27.84,28.85,28.83,27.89,28.66,30.24,29.09,28.65,28.9
2019-09-10,29.54,29.26,29.2,29.15,28.29,27.48,29.45,27.94,29.27,29.22,30.58,29.64,27.98,NaN,27.9,29.39,27.7,28.38,21.69,29.24,27.3,28.83,29.91,27.87,29.23,29.01,30.16,28.96,28.1,29.24,29.36,30.02,28.73,29.2,28.97,29.65,28.69,26.24,29.07,27.8,28.87,29.62,28.86,28.42,28.52,28.92,27.75,28.58,29.12,29.52,29.01,28.8,29.25,28.29,29.25,29.79,29.33,29.64,29.07,26.71,28.39,29.24,28.42,28.47,28.25,28.81,28.92,29.26,28.34,28.8,30.52,29.52,29.13,29.41
2019-09-17,27.14,26.88,26.13,26.48,26.21,25.19,27.01,25.06,26.39,26.36,28.1,24.95,25.67,NaN,24.03,27.87,23.19,25.75,18.17,24.53,22.85,24.13,24.84,25.06,24.19,24.35,25.46,24.57,23.83,24.47,24.85,25.16,24.66,24.4,24.29,25.3,24.99,22.87,25.17,23.78,24.42,25.46,24.7,25.99,25.88,27.7,25.81,26.37,27.75,28.72,27.72,27.57,28.18,27.53,28.29,28.66,28.56,28.6,28.4,25.35,26.99,28.35,27.68,26.16,26.21,26.44,26.32,26.97,27.02,27.58,28.28,27.71,26.67,27.25
2019-09-24,27.89,27.17,26.45,26.93,26.49,25.37,27.35,25.95,26.7,27.07,28.51,25.89,25.65,NaN,24.5,26.35,24.81,26.17,19.43,25.45,24.38,25.73,25.32,25.3,24.67,25.3,26.34,25.04,24.12,25.69,25.59,26.45,25.14,26.05,25.46,26.34,23.85,23.74,26.65,25.55,25.8,26.78,25.11,24.58,25.01,27.02,25.58,26.0,28.13,28.96,28.21,28.0,28.52,27.21,28.58,29.03,28.65,28.83,28.44,25.75,27.6,28.65,27.99,26.31,26.87,27.36,26.43,27.41,27.83,28.72,28.66,28.17,27.01,28.05
2019-10-01,28.65,28.45,28.15,28.03,26.99,25.53,28.02,26.94,28.29,28.31,29.53,28.43,26.62,NaN,25.93,28.04,26.69,26.45,21.24,27.95,26.84,27.55,27.9,26.96,27.71,27.99,28.88,27.75,26.65,27.77,28.31,28.69,27.25,27.98,27.84,28.62,25.93,25.75,27.9,26.68,27.66,28.43,27.95,27.13,27.34,27.2,26.2,26.99,28.36,29.11,28.46,28.16,28.55,27.41,28.62,29.12,28.52,28.92,28.35,26.09,27.72,28.9,27.97,27.45,27.56,28.28,27.73,28.42,28.24,29.14,29.74,28.79,28.08,29.04
2019-10-08,28.15,27.3,26.7,27.1,26.57,25.63,27.58,25.83,26.78,27.18,28.87,26.52,25.22,NaN,24.08,25.64,24.95,25.22,19.02,25.98,24.93,25.87,25.61,25.33,25.58,25.91,27.06,25.51,21.81,26.19,26.27,26.89,25.29,26.28,25.76,26.17,24.53,23.84,26.67,25.49,26.18,27.12,27.24,25.03,25.36,26.4,25.37,25.59,28.0,28.56,27.93,27.89,28.36,26.93,28.2,28.98,28.15,28.5,28.46,24.98,27.52,28.45,27.75,26.39,27.12,27.56,26.72,27.36,27.81,28.76,27.72,28.53,27.27,28.38
2019-10-15,25.73,24.94,24.29,24.57,24.37,24.1,25.01,23.25,24.41,24.28,26.15,23.88,23.61,NaN,21.89,22.92,21.92,23.84,15.79,23.26,21.81,22.83,23.04,23.63,22.78,23.15,24.45,22.93,16.97,23.17,23.74,23.51,22.83,23.18,22.73,23.94,21.47,21.04,23.95,22.71,23.24,24.16,24.3,22.9,23.06,25.25,23.55,24.33,26.38,27.48,26.46,26.35,27.18,26.28,27.17,27.2,27.45,27.8,27.29,24.3,25.83,27.22,26.63,24.27,24.81,24.86,24.2,24.64,25.5,26.44,24.93,26.11,26.46,25.46
2019-10-22,25.61,24.79,24.24,24.5,24.44,23.55,25.16,23.69,24.33,24.81,26.42,24.74,23.77,NaN,22.64,23.61,22.88,23.65,16.71,24.12,22.83,23.69,23.88,23.25,23.92,24.31,25.17,23.71,22.72,24.4,24.5,24.34,23.24,24.15,24.06,24.2,22.47,21.29,24.31,23.14,23.8,24.76,23.79,23.08,23.8,25.02,22.98,23.87,26.27,27.34,26.38,26.34,26.88,26.02,26.78,26.48,27.27,26.69,27.07,24.14,25.97,27.0,26.47,24.25,24.8,25.05,24.53,24.73,25.71,25.92,24.98,25.97,26.31,25.81
2019-10-29,25.56,25.09,24.15,24.53,24.36,24.33,25.22,23.55,24.31,24.36,25.97,24.08,23.3,NaN,22.44,23.28,22.02,23.71,16.61,23.19,21.62,22.82,23.06,23.18,22.9,23.23,24.47,22.92,22.74,23.27,23.58,23.52,22.65,23.25,23.09,23.96,22.14,21.26,23.99,22.99,22.99,24.12,23.65,21.65,22.8,25.92,24.13,24.51,25.83,27.08,26.03,25.87,26.57,26.31,26.61,26.17,27.11,26.35,26.82,24.83,25.53,26.72,26.35,24.24,24.73,24.85,24.36,24.65,25.28,25.51,24.86,25.87,26.37,25.49
2019-11-05,23.77,23.45,23.06,22.91,22.59,21.62,23.24,21.62,22.84,22.8,24.63,22.78,22.35,NaN,20.84,22.49,20.68,22.64,14.22,22.05,20.69,21.69,21.66,21.72,21.7,22.12,23.18,21.41,20.97,22.17,22.42,22.26,21.58,22.14,21.98,23.33,20.21,19.52,22.36,21.14,21.79,22.86,22.13,21.27,21.29,23.94,21.44,22.69,24.08,24.93,24.26,24.11,24.69,23.88,24.84,24.13,25.03,24.15,24.66,23.64,23.65,24.96,24.23,22.78,22.45,22.78,22.6,22.82,23.65,23.69,23.11,23.82,24.11,23.67
2019-11-12,23.35,23.02,25.02,22.47,22.2,21.02,22.59,21.46,22.66,23.15,24.65,23.25,22.32,NaN,17.66,23.46,20.92,23.04,15.47,22.5,21.28,21.86,21.91,21.76,22.68,22.67,23.62,21.85,21.95,22.32,22.92,22.65,21.67,22.35,22.41,23.9,20.53,19.85,21.76,21.11,21.64,22.49,21.98,21.91,21.61,24.64,21.68,22.78,24.22,25.05,24.41,24.32,24.75,24.25,24.81,24.12,25.27,24.05,24.92,24.02,23.76,25.01,24.43,22.54,22.13,22.57,22.43,22.81,23.62,23.8,22.98,23.78,22.65,23.7
2019-11-19,23.4,22.66,23.58,22.36,22.34,22.23,22.34,21.52,22.21,22.43,23.42,21.85,21.18,NaN,19.63,22.25,19.96,23.15,15.04,21.06,19.45,20.48,20.87,21.16,21.09,21.06,22.19,20.53,16.24,21.19,21.31,21.47,20.29,20.89,21.2,22.93,19.21,19.39,21.78,21.17,20.59,21.78,21.75,21.33,21.39,25.55,22.45,23.34,23.85,24.89,24.09,23.97,24.64,24.33,24.78,23.87,25.29,24.28,24.9,24.15,23.49,24.79,24.38,22.28,22.23,22.3,21.99,22.41,23.35,23.24,22.71,23.68,22.5,23.34
2019-11-26,22.01,21.39,21.64,20.99,21.01,20.86,21.09,19.92,20.83,21.17,21.66,20.34,19.9,NaN,18.22,20.26,18.17,20.08,11.7,19.52,17.89,19.18,19.27,19.59,19.62,19.54,20.65,19.05,18.6,19.6,19.9,19.61,19.08,19.62,19.64,21.14,17.61,17.93,20.03,19.1,19.18,20.36,20.27,19.18,19.32,23.28,19.97,20.89,22.25,23.28,22.5,22.28,22.99,22.63,23.14,22.03,23.55,22.63,23.36,22.14,21.79,23.18,22.64,21.06,20.83,21.01,20.64,21.1,22.39,22.05,21.27,22.2,21.25,21.94
2019-12-03,17.39,17.14,17.04,16.8,15.95,15.93,15.94,15.22,17.06,16.9,16.86,16.85,17.35,NaN,14.76,17.05,13.83,17.68,9.24,16.21,14.65,15.62,16.39,17.22,16.08,16.4,17.25,16.18,15.66,16.23,16.7,16.25,15.9,15.87,16.28,17.76,13.26,13.66,15.97,15.07,15.37,16.59,16.3,15.83,16.12,19.81,16.18,18.26,17.76,18.81,17.84,17.74,18.22,18.22,18.36,17.12,18.7,18.03,18.83,19.41,17.03,18.59,17.93,16.94,16.08,16.16,16.88,16.47,17.57,17.37,17.12,17.34,16.8,17.1
2019-12-10,20.19,20.1,19.42,19.4,19.13,17.59,19.07,18.56,19.74,20.18,20.55,20.98,20.05,NaN,19.45,20.86,17.98,20.1,13.61,20.31,19.01,19.82,20.32,20.25,20.65,20.59,21.34,20.05,19.46,20.24,20.84,20.55,19.55,20.23,20.33,21.61,17.97,17.31,19.06,18.47,19.45,20.01,19.15,20.28,19.81,22.09,19.47,20.88,21.21,22.43,21.51,21.51,22.12,20.89,22.0,20.86,22.34,21.09,22.17,22.03,20.76,22.16,21.53,18.91,19.44,19.98,19.48,19.53,21.31,20.49,19.85,20.55,19.55,20.33
2019-12-17,21.57,21.04,20.22,20.66,20.24,19.64,20.29,19.82,20.76,21.15,21.27,20.74,19.5,NaN,18.9,20.85,17.94,20.01,14.25,20.01,18.35,19.21,19.67,19.59,20.03,19.98,21.06,19.63,19.21,19.94,20.45,20.19,18.9,19.71,20.02,21.6,19.53,17.96,19.69,19.22,18.82,20.04,20.02,20.62,20.48,23.68,21.4,21.69,22.21,23.4,22.34,22.44,23.01,23.0,23.14,21.95,23.58,22.48,23.42,23.44,21.82,23.14,22.75,20.04,20.29,20.77,20.69,20.63,22.14,21.49,20.98,21.68,20.82,21.32
2019-12-24,20.37,19.64,18.77,19.46,19.48,19.35,19.27,18.71,19.41,19.85,19.59,19.18,18.49,NaN,16.99,19.94,16.49,18.73,12.64,18.54,16.98,17.96,18.58,18.6,18.59,18.68,19.56,18.35,17.81,18.58,18.99,18.75,17.82,18.37,18.69,19.32,17.93,16.91,18.54,17.74,17.77,19.01,19.44,19.11,18.95,21.48,19.11,20.34,21.29,22.14,21.36,21.31,22.02,22.09,22.21,20.88,22.56,21.59,22.52,21.97,20.63,22.23,21.82,18.87,19.46,19.7,19.24,19.46,20.84,20.28,19.81,20.35,19.46,20.05
