region,year,week,case_c,pop_total,case_per_capita(‰),AMB_TEMP,NO,NO2,NOx,O3,PM10,PM25,RH,SO2
中彰投,2016,1,39,95914,0.41,19.84,50.99,120.87,172.0,131.39,365.03,198.22,82.55,19.85
中彰投,2016,2,541,293038,1.85,17.16,21.4,106.74,128.1,175.08,298.23,162.66,80.18,18.4
中彰投,2016,3,553,287546,1.92,16.9,31.42,126.92,158.57,148.15,307.85,179.76,80.7,19.07
中彰投,2016,4,514,291026,1.77,12.92,35.8,109.8,145.09,165.63,276.77,136.08,76.4,18.25
中彰投,2016,5,566,295215,1.92,16.01,30.72,107.68,138.13,157.54,209.2,106.38,84.24,16.35
中彰投,2016,6,786,298017,2.64,14.8,19.26,94.58,113.15,270.51,435.61,257.3,64.68,21.27
中彰投,2016,7,237,227389,1.04,17.82,25.84,103.13,128.6,146.33,278.16,157.54,74.79,18.19
中彰投,2016,8,761,303635,2.51,16.43,24.23,122.84,147.31,190.15,442.57,241.52,76.46,18.51
中彰投,2016,9,685,290484,2.36,17.25,26.6,129.33,156.07,218.7,449.51,231.29,71.15,21.8
中彰投,2016,10,754,306701,2.46,20.31,27.98,122.79,150.75,177.2,390.26,235.0,76.48,22.72
中彰投,2016,11,633,290959,2.18,15.99,42.04,145.85,187.41,143.67,276.42,165.17,86.71,18.44
中彰投,2016,12,668,300406,2.22,19.13,34.83,129.02,163.83,159.74,392.15,227.65,87.3,18.23
中彰投,2016,13,654,281074,2.33,17.37,16.54,119.73,136.27,309.01,441.31,258.33,65.64,22.95
中彰投,2016,14,692,296002,2.34,24.43,18.53,97.01,115.56,213.58,506.85,309.7,76.95,22.09
中彰投,2016,15,547,281913,1.94,23.66,18.44,101.06,119.31,194.18,334.24,199.58,81.06,21.04
中彰投,2016,16,631,287123,2.2,24.28,17.48,96.18,113.34,205.93,330.7,177.66,80.26,19.3
中彰投,2016,17,585,285679,2.05,25.92,15.55,80.35,96.22,183.09,298.28,159.93,77.44,20.71
中彰投,2016,18,609,288026,2.11,25.25,17.21,88.9,105.59,234.73,380.33,219.75,75.24,20.75
中彰投,2016,19,524,281970,1.86,27.61,17.56,78.17,95.19,192.75,264.22,135.96,73.67,21.31
中彰投,2016,20,541,279519,1.94,25.91,13.92,82.66,96.3,267.84,315.61,161.54,75.16,20.9
中彰投,2016,21,590,296297,1.99,26.8,16.68,94.19,110.68,197.36,318.04,177.45,81.12,22.09
中彰投,2016,22,510,287563,1.77,29.82,13.9,48.77,62.56,151.36,204.3,83.12,72.4,16.2
中彰投,2016,23,490,276375,1.77,28.47,14.71,56.71,71.01,184.72,190.53,89.34,76.34,18.04
中彰投,2016,24,422,279594,1.51,27.24,15.11,50.55,65.43,137.3,153.1,58.91,81.45,14.21
中彰投,2016,25,501,271924,1.84,29.28,15.97,53.8,69.66,155.07,199.88,83.48,73.71,18.86
中彰投,2016,26,468,265799,1.76,29.69,15.68,55.18,71.4,158.32,205.37,93.45,73.46,18.72
中彰投,2016,27,467,278321,1.68,29.17,14.02,58.6,72.83,184.7,223.33,105.08,75.42,19.22
中彰投,2016,28,405,268585,1.51,28.65,14.82,42.06,56.31,143.56,140.59,57.19,75.62,14.65
中彰投,2016,29,457,264330,1.73,29.51,15.76,48.75,64.99,131.37,199.81,93.31,72.28,16.91
中彰投,2016,30,427,273285,1.56,30.26,13.98,55.06,68.97,182.4,241.71,132.41,68.19,20.06
中彰投,2016,31,389,258732,1.5,29.6,14.06,62.6,75.81,227.08,253.11,130.82,74.46,19.3
中彰投,2016,32,432,271229,1.59,29.42,13.58,61.95,74.95,207.97,238.96,122.04,75.95,19.6
中彰投,2016,33,423,272060,1.55,27.93,15.84,61.91,77.57,173.6,197.13,90.16,81.34,17.86
中彰投,2016,34,445,281713,1.58,29.49,11.63,58.66,69.71,233.14,312.97,164.67,76.27,20.14
中彰投,2016,35,440,274263,1.6,28.77,9.33,73.84,83.75,321.39,398.22,224.08,71.43,21.29
中彰投,2016,36,434,285713,1.52,27.66,15.03,61.39,76.33,164.19,170.26,78.87,81.36,15.07
中彰投,2016,37,416,272264,1.53,27.96,24.54,66.16,90.12,148.36,203.27,88.53,78.6,17.42
中彰投,2016,38,458,279661,1.64,27.52,15.45,75.18,91.42,224.73,290.16,128.85,75.01,18.23
中彰投,2016,39,534,284173,1.88,27.77,17.84,73.27,91.31,184.35,293.52,131.97,78.53,18.36
中彰投,2016,40,432,280820,1.54,28.18,19.68,86.18,105.9,199.77,349.96,191.01,76.98,21.31
中彰投,2016,41,470,270266,1.74,25.77,21.5,73.9,94.84,163.37,212.64,97.46,79.73,15.99
中彰投,2016,42,446,275256,1.62,28.03,14.96,97.77,113.05,262.04,533.51,300.12,74.39,25.46
中彰投,2016,43,518,287586,1.8,28.04,20.75,94.35,114.49,178.29,361.36,188.37,76.42,24.31
中彰投,2016,44,475,273786,1.73,24.84,13.41,85.82,98.52,236.28,343.92,158.04,70.99,18.17
中彰投,2016,45,465,279565,1.66,23.66,17.06,108.27,125.46,223.22,360.46,187.99,72.55,21.67
中彰投,2016,46,488,279915,1.74,24.31,23.66,128.87,152.11,220.42,517.58,281.32,77.29,23.83
中彰投,2016,47,501,277409,1.81,23.52,31.84,116.04,147.21,154.59,322.08,169.47,79.71,20.79
中彰投,2016,48,478,288528,1.66,21.38,21.82,109.63,131.49,164.77,304.14,135.47,78.42,17.25
中彰投,2016,49,496,295063,1.68,21.8,19.76,114.45,134.93,183.72,387.05,190.17,75.69,20.96
中彰投,2016,50,509,286489,1.78,20.68,29.95,115.4,145.32,188.94,380.85,184.75,72.28,19.32
中彰投,2016,51,537,283594,1.89,20.12,28.1,130.3,158.25,183.84,441.17,241.29,72.71,21.82
中彰投,2016,52,503,287063,1.75,18.87,27.92,115.79,143.54,179.69,407.4,196.29,74.72,18.3
中彰投,2017,1,545,279231,1.95,20.73,32.78,115.75,148.95,171.63,512.3,280.92,81.19,19.53
中彰投,2017,2,560,289372,1.94,19.1,25.49,118.31,143.58,175.94,365.68,198.47,76.21,19.49
中彰投,2017,3,598,297309,2.01,17.37,24.73,100.35,124.26,177.28,302.43,146.54,75.83,17.27
中彰投,2017,4,527,281158,1.87,16.91,18.51,104.06,122.52,213.29,356.25,182.69,67.88,18.42
中彰投,2017,5,322,259558,1.24,18.83,15.07,81.86,96.18,205.47,321.39,146.77,73.23,16.49
中彰投,2017,6,594,295099,2.01,16.3,15.84,97.31,112.86,222.85,445.61,232.8,67.6,18.86
中彰投,2017,7,567,289381,1.96,17.66,26.62,123.13,149.75,230.94,436.35,226.89,66.09,21.5
中彰投,2017,8,597,294934,2.02,18.69,26.83,113.51,140.31,187.07,380.91,203.92,78.75,17.19
中彰投,2017,9,529,286477,1.85,17.06,16.66,115.65,132.62,241.12,413.71,217.94,69.73,20.33
中彰投,2017,10,532,290638,1.83,18.52,23.35,124.49,148.07,224.69,405.27,244.81,77.82,19.68
中彰投,2017,11,538,290488,1.85,19.6,17.73,113.32,131.05,226.56,398.46,226.96,77.14,19.13
中彰投,2017,12,560,289320,1.94,21.7,16.16,107.79,124.16,252.02,381.48,204.53,74.55,19.28
中彰投,2017,13,498,284371,1.75,19.78,18.32,110.99,128.93,286.33,475.16,245.06,68.87,20.64
中彰投,2017,14,528,293081,1.8,22.12,13.35,98.52,111.69,304.84,433.87,243.66,62.42,21.15
中彰投,2017,15,559,279263,2.0,23.86,23.16,107.12,130.23,183.55,317.54,169.32,78.04,18.97
中彰投,2017,16,524,280782,1.87,25.73,15.4,72.54,87.16,195.25,290.73,158.28,76.5,17.96
中彰投,2017,17,465,267729,1.74,22.35,14.61,106.7,121.07,276.1,371.88,188.73,74.95,21.27
中彰投,2017,18,476,275608,1.73,26.0,18.13,101.19,118.92,240.33,371.82,204.17,69.91,21.48
中彰投,2017,19,517,289245,1.79,27.69,15.26,83.43,98.23,215.64,361.46,164.19,72.6,22.07
中彰投,2017,20,501,290110,1.73,25.43,13.98,88.97,101.86,248.77,240.35,119.75,77.96,18.59
中彰投,2017,21,467,281120,1.66,26.77,14.04,83.62,97.56,221.84,262.06,129.35,75.74,19.72
中彰投,2017,22,382,265533,1.44,26.97,13.22,64.28,77.57,197.09,207.76,101.58,82.17,17.27
中彰投,2017,23,478,279561,1.71,28.46,17.27,64.89,81.78,164.56,211.91,101.44,78.02,18.59
中彰投,2017,24,467,262732,1.78,27.2,16.07,54.34,70.1,121.14,155.74,53.95,82.19,14.31
中彰投,2017,25,498,278750,1.79,28.25,19.22,52.52,72.01,107.45,164.4,67.61,76.45,14.42
中彰投,2017,26,476,276988,1.72,28.91,13.85,54.49,67.57,157.65,210.86,95.19,72.61,17.96
中彰投,2017,27,516,286298,1.8,27.31,15.43,55.94,70.48,152.89,153.16,61.57,78.03,15.78
中彰投,2017,28,474,278074,1.7,28.21,12.7,56.61,69.37,167.52,195.25,85.09,74.7,18.46
中彰投,2017,29,460,279951,1.64,28.6,12.66,63.52,74.8,209.81,246.61,119.88,74.2,19.24
中彰投,2017,30,488,280179,1.74,28.63,9.83,61.89,71.91,211.19,269.31,152.74,75.78,22.57
中彰投,2017,31,441,270493,1.63,27.43,12.45,48.08,59.84,161.29,181.31,79.91,80.62,15.61
中彰投,2017,32,421,285129,1.48,29.31,12.01,42.52,53.28,127.89,203.54,90.48,74.57,14.86
中彰投,2017,33,412,274731,1.5,29.33,15.93,57.53,73.46,146.2,190.26,98.54,71.51,19.41
中彰投,2017,34,413,265934,1.55,29.03,14.96,69.06,84.0,192.52,259.84,134.59,77.74,20.1
中彰投,2017,35,449,269194,1.67,28.92,13.43,69.85,82.16,201.87,296.56,157.88,77.07,20.25
中彰投,2017,36,443,278323,1.59,28.99,11.53,58.98,70.96,180.05,233.22,118.58,78.6,18.61
中彰投,2017,37,452,277274,1.63,29.19,16.31,73.88,89.6,215.26,286.08,141.19,71.23,20.75
中彰投,2017,38,440,269770,1.63,29.43,8.74,91.94,101.1,311.67,411.09,237.81,69.72,27.73
中彰投,2017,39,417,269679,1.55,29.73,13.87,73.1,86.66,199.71,282.58,151.69,73.96,21.48
中彰投,2017,40,413,263650,1.57,29.37,12.57,83.22,94.96,240.37,376.07,193.15,74.89,20.64
中彰投,2017,41,371,260726,1.42,28.7,14.96,84.46,99.4,210.25,363.1,173.18,75.06,22.3
中彰投,2017,42,425,280662,1.51,25.88,14.99,69.43,84.48,199.33,214.49,86.24,80.99,14.57
中彰投,2017,43,475,280038,1.7,23.09,9.81,84.65,94.6,326.44,354.9,174.01,67.49,15.51
中彰投,2017,44,459,285028,1.61,22.96,13.79,85.36,98.84,256.9,330.63,135.89,72.04,15.76
中彰投,2017,45,499,289672,1.72,24.49,15.09,99.55,114.64,208.45,389.15,179.59,80.93,17.5
中彰投,2017,46,474,285558,1.66,24.08,23.2,105.4,128.31,164.29,340.78,161.84,82.92,19.39
中彰投,2017,47,490,275676,1.78,20.85,16.49,97.14,113.19,169.95,250.32,111.14,78.49,16.03
中彰投,2017,48,468,275857,1.7,22.71,18.84,96.09,114.85,193.99,342.41,163.05,81.0,17.06
中彰投,2017,49,513,291164,1.76,17.89,21.59,99.66,121.07,183.01,302.53,154.5,78.66,15.84
中彰投,2017,50,493,282157,1.75,18.7,30.66,112.54,143.48,164.58,324.75,158.57,80.54,17.63
中彰投,2017,51,518,295199,1.75,16.75,20.29,100.79,121.16,203.08,333.21,168.9,73.06,17.75
中彰投,2017,52,571,286577,1.99,19.2,21.65,119.82,141.19,203.99,502.76,279.41,74.98,21.4
中彰投,2018,1,536,308051,1.74,18.58,33.49,121.45,154.99,140.82,367.1,193.23,84.44,18.19
中彰投,2018,2,556,314491,1.77,13.57,24.0,95.69,119.88,183.53,235.32,116.99,71.76,15.93
中彰投,2018,3,550,315282,1.74,19.72,29.78,128.24,157.65,164.19,403.07,217.36,81.34,18.97
中彰投,2018,4,588,318189,1.85,18.38,19.09,105.5,124.16,181.75,292.95,132.66,79.24,16.37
中彰投,2018,5,572,324664,1.76,12.95,18.04,93.83,111.75,172.09,196.82,121.31,84.24,15.03
中彰投,2018,6,668,324777,2.06,13.37,37.77,116.3,154.36,164.19,296.54,165.25,82.33,16.18
中彰投,2018,7,445,307295,1.45,18.68,16.35,102.8,119.17,229.91,503.92,226.26,71.5,18.67
中彰投,2018,8,546,319013,1.71,19.01,19.13,110.3,129.52,180.51,355.43,199.65,79.39,17.25
中彰投,2018,9,605,320834,1.89,21.42,29.97,117.89,147.86,181.29,486.73,260.07,79.3,19.16
中彰投,2018,10,618,324949,1.9,18.45,14.96,89.13,104.43,211.34,292.37,137.67,74.37,15.87
中彰投,2018,11,603,329334,1.83,20.94,18.9,121.66,140.86,237.56,430.29,232.15,74.85,20.62
中彰投,2018,12,636,314616,2.02,19.99,14.38,97.96,112.36,274.89,383.18,182.86,66.89,16.33
中彰投,2018,13,593,316636,1.87,22.77,12.43,94.04,106.32,277.49,476.63,252.21,73.7,18.36
中彰投,2018,14,490,320965,1.53,22.39,13.25,79.01,91.25,240.68,469.29,204.63,68.14,17.98
中彰投,2018,15,651,332312,1.96,24.98,13.56,78.01,91.29,218.01,310.16,144.4,71.64,18.69
中彰投,2018,16,561,327692,1.71,23.53,11.42,100.31,112.19,284.44,438.53,224.08,75.18,22.43
中彰投,2018,17,523,330709,1.58,25.52,12.18,98.59,109.86,265.92,401.66,217.84,74.52,20.9
中彰投,2018,18,489,317862,1.54,27.3,12.05,78.22,89.95,237.69,350.78,175.25,72.56,20.31
中彰投,2018,19,522,332065,1.57,26.25,10.84,83.54,94.58,221.53,296.39,134.15,76.18,18.93
中彰投,2018,20,488,315356,1.55,29.02,15.51,60.17,76.08,142.14,215.99,104.69,73.84,18.46
中彰投,2018,21,470,305397,1.54,29.25,13.27,73.0,84.96,201.99,274.55,142.51,70.91,22.36
中彰投,2018,22,455,314527,1.45,29.32,9.83,67.02,76.96,244.69,261.33,124.74,72.54,19.64
中彰投,2018,23,433,323401,1.34,29.27,10.19,69.56,79.83,228.67,265.69,125.43,74.26,22.17
中彰投,2018,24,430,301073,1.43,28.09,8.49,74.57,83.58,291.46,263.84,126.08,75.13,20.62
中彰投,2018,25,415,293350,1.41,27.16,14.23,50.43,64.87,117.01,153.62,54.91,83.55,15.01
中彰投,2018,26,419,295777,1.42,28.41,15.38,56.73,71.38,145.64,202.31,87.0,75.85,18.76
中彰投,2018,27,355,294868,1.2,27.33,14.36,51.85,67.07,120.26,151.0,59.37,81.38,15.15
中彰投,2018,28,467,322593,1.45,28.58,13.16,57.91,70.86,182.4,252.5,124.49,77.36,21.54
中彰投,2018,29,418,297690,1.4,29.47,9.18,59.9,69.64,237.46,299.49,167.73,75.24,20.33
中彰投,2018,30,408,290091,1.41,28.99,13.48,55.18,67.3,160.69,205.03,101.88,76.89,18.3
中彰投,2018,31,387,292734,1.32,29.36,12.3,48.9,61.24,168.5,196.06,90.04,74.62,16.33
中彰投,2018,32,452,304977,1.48,29.36,8.89,55.79,66.08,238.73,261.75,158.42,73.95,20.62
中彰投,2018,33,388,296396,1.31,28.11,11.25,54.3,65.1,178.65,157.37,72.14,80.05,15.47
中彰投,2018,34,388,294135,1.32,26.89,10.42,55.77,66.23,208.64,134.51,63.84,86.02,15.8
中彰投,2018,35,413,315312,1.31,26.75,19.32,54.51,74.42,119.59,166.11,71.19,81.65,15.11
中彰投,2018,36,450,312568,1.44,28.01,13.77,56.78,69.29,195.33,216.87,105.13,78.2,16.05
中彰投,2018,37,474,318243,1.49,27.77,16.79,79.31,96.64,200.99,297.56,145.03,77.26,20.94
中彰投,2018,38,441,292533,1.51,28.6,14.82,70.25,85.26,199.98,302.99,169.24,75.58,18.97
中彰投,2018,39,447,296389,1.51,26.68,7.99,57.22,65.72,294.36,276.86,106.47,69.39,15.89
中彰投,2018,40,479,283871,1.69,25.24,9.39,81.55,91.1,359.47,362.51,168.17,66.41,17.77
中彰投,2018,41,388,299795,1.29,24.78,13.56,87.86,101.52,236.93,262.86,130.86,76.42,17.44
中彰投,2018,42,412,296632,1.39,24.36,12.18,91.57,103.95,246.66,267.82,128.07,75.8,17.9
中彰投,2018,43,447,305958,1.46,24.08,13.56,91.57,105.13,277.15,388.35,176.09,71.25,19.74
中彰投,2018,44,435,305102,1.43,22.89,20.14,99.99,118.96,223.9,278.6,118.6,74.25,16.62
中彰投,2018,45,483,320606,1.51,24.7,20.66,109.78,130.25,214.82,481.05,257.32,79.15,21.4
中彰投,2018,46,493,314114,1.57,23.54,19.22,111.66,131.03,203.48,355.89,171.27,76.39,20.22
中彰投,2018,47,463,307334,1.51,21.93,18.93,104.01,123.38,197.47,307.9,141.17,74.43,17.44
中彰投,2018,48,512,308356,1.66,21.28,26.51,112.08,138.09,185.44,350.31,172.78,78.59,19.39
中彰投,2018,49,503,305508,1.65,22.37,27.37,103.49,130.93,167.58,277.86,118.18,73.26,16.22
中彰投,2018,50,507,310379,1.63,20.11,20.9,102.49,122.52,155.82,249.02,111.41,76.78,16.14
中彰投,2018,51,499,335103,1.49,20.05,23.12,124.03,147.08,218.93,455.15,209.37,70.47,20.04
中彰投,2018,52,544,313316,1.74,18.78,15.38,85.01,100.37,186.17,199.23,75.97,74.63,14.44
中彰投,2019,1,364,296756,1.23,19.81,29.76,112.52,142.58,137.02,281.99,135.07,81.51,16.12
中彰投,2019,2,513,294939,1.74,20.69,31.75,115.86,147.65,149.47,334.43,147.06,79.45,16.1
中彰投,2019,3,509,325460,1.56,17.76,17.65,105.25,122.98,192.92,371.4,180.43,80.82,15.84
中彰投,2019,4,541,319249,1.69,16.26,19.32,113.76,132.79,225.4,400.97,180.34,70.09,17.46
中彰投,2019,5,744,327421,2.27,19.39,23.22,121.85,145.24,206.77,426.2,208.78,72.41,16.75
中彰投,2019,6,124,199527,0.62,20.07,11.42,76.29,87.4,195.66,325.37,155.84,74.13,14.94
中彰投,2019,7,596,319454,1.87,20.68,18.44,102.19,119.65,182.54,299.57,145.6,75.49,16.28
中彰投,2019,8,554,312339,1.77,19.94,21.13,109.15,130.23,177.18,333.09,171.96,80.11,15.59
中彰投,2019,9,531,320427,1.66,20.79,13.69,106.24,120.51,218.99,418.07,221.38,77.04,16.7
中彰投,2019,10,486,294478,1.65,17.92,19.32,115.54,134.91,190.63,213.08,119.57,85.54,14.96
中彰投,2019,11,568,323099,1.76,20.51,16.33,114.85,131.43,257.68,423.31,232.61,71.92,18.38
中彰投,2019,12,548,320606,1.71,21.54,22.63,102.61,124.93,179.11,337.55,181.56,79.88,16.85
中彰投,2019,13,604,315221,1.92,22.5,12.47,86.01,98.36,245.46,312.25,160.85,76.94,15.61
中彰投,2019,14,459,298805,1.54,23.01,14.8,85.4,100.47,254.75,374.4,217.67,78.94,15.93
中彰投,2019,15,520,307359,1.69,24.04,12.53,80.06,92.7,216.04,273.52,144.9,76.54,15.95
中彰投,2019,16,545,329445,1.65,24.23,14.63,92.26,106.93,217.21,249.19,134.66,80.63,15.87
中彰投,2019,17,531,324103,1.64,27.04,13.25,66.14,78.68,209.54,265.35,140.9,73.25,16.68
中彰投,2019,18,495,307677,1.61,23.29,13.5,83.69,97.2,213.16,240.1,113.47,80.93,13.85
中彰投,2019,19,510,319369,1.6,24.25,14.29,94.0,108.73,209.2,267.32,139.12,81.84,17.27
中彰投,2019,20,496,316905,1.57,27.06,14.94,55.98,71.45,124.6,184.85,88.32,81.31,14.17
中彰投,2019,21,495,316104,1.57,25.64,12.7,89.55,101.92,239.36,335.9,173.28,78.61,18.19
中彰投,2019,22,488,309906,1.57,26.84,13.39,64.38,78.51,166.68,180.81,80.37,76.59,16.7
中彰投,2019,23,462,299318,1.54,28.02,17.52,52.46,70.23,115.65,137.76,62.69,74.46,14.75
中彰投,2019,24,570,309908,1.84,26.49,14.84,72.1,86.68,212.54,137.95,79.05,81.5,15.03
中彰投,2019,25,540,300951,1.79,28.79,15.61,51.51,67.09,123.19,143.48,59.6,73.29,14.59
中彰投,2019,26,457,300693,1.52,28.55,14.82,50.28,65.22,158.13,129.67,57.05,74.52,14.21
中彰投,2019,27,488,309785,1.58,28.61,12.47,41.16,53.8,130.25,137.67,51.03,73.99,14.15
中彰投,2019,28,473,308086,1.54,29.57,12.7,39.69,52.58,133.63,135.33,75.89,72.0,14.0
中彰投,2019,29,516,304704,1.69,29.38,13.71,52.06,65.07,177.7,184.33,99.91,74.88,14.5
中彰投,2019,30,405,296408,1.37,29.06,13.98,48.08,61.37,151.61,138.68,64.63,75.4,15.22
中彰投,2019,31,454,294788,1.54,29.32,12.22,55.77,67.49,205.39,204.82,112.02,75.63,17.86
中彰投,2019,32,437,293012,1.49,29.04,13.1,43.09,55.54,185.73,206.12,94.6,80.38,15.26
中彰投,2019,33,466,308986,1.51,27.06,11.32,44.18,54.6,195.66,99.22,53.32,84.83,13.37
中彰投,2019,34,436,302809,1.44,28.37,14.02,59.29,73.42,179.69,187.49,108.65,81.29,16.54
中彰投,2019,35,450,311557,1.44,28.79,13.25,58.6,71.74,203.75,219.1,133.23,78.64,18.78
中彰投,2019,36,478,314088,1.52,28.25,13.77,59.5,72.28,195.6,179.63,108.67,79.46,17.25
中彰投,2019,37,413,293138,1.41,28.77,8.95,62.54,72.22,254.37,263.55,164.6,75.53,17.44
中彰投,2019,38,504,319989,1.58,26.28,7.88,59.52,68.05,352.14,257.62,108.88,68.55,15.28
中彰投,2019,39,465,297789,1.56,26.76,15.57,80.02,95.59,214.95,242.97,120.43,76.4,16.26
中彰投,2019,40,501,307380,1.63,27.67,13.41,69.87,81.76,262.88,360.77,245.13,77.12,18.25
中彰投,2019,41,438,304993,1.44,26.93,11.34,82.28,93.26,282.05,341.99,188.1,73.72,17.98
中彰投,2019,42,502,298166,1.68,24.58,10.4,71.34,81.49,299.64,260.7,109.9,68.21,15.34
中彰投,2019,43,478,291948,1.64,24.63,13.35,95.38,108.0,263.42,288.45,149.18,73.39,17.63
中彰投,2019,44,479,296539,1.62,24.6,12.39,85.19,97.9,257.91,357.08,157.75,77.28,15.43
中彰投,2019,45,497,310191,1.6,22.81,12.34,83.96,96.26,279.22,283.25,126.48,69.4,15.47
中彰投,2019,46,468,310101,1.51,22.63,17.46,109.07,125.92,274.43,406.9,220.88,72.29,17.04
中彰投,2019,47,541,308697,1.75,22.25,17.86,83.27,100.54,191.01,222.68,102.57,76.69,15.34
中彰投,2019,48,505,314052,1.61,20.96,14.78,85.55,100.51,215.68,256.19,111.04,73.0,15.45
中彰投,2019,49,481,313350,1.54,16.4,17.14,81.82,99.49,207.72,170.28,80.96,74.8,13.5
中彰投,2019,50,505,306397,1.65,19.25,31.77,121.14,152.81,186.97,319.34,172.9,76.43,16.49
中彰投,2019,51,488,318832,1.53,20.46,38.56,103.83,142.49,134.43,221.78,116.13,81.73,15.55
中彰投,2019,52,573,316112,1.81,19.21,23.22,106.43,129.71,155.15,223.06,110.62,81.21,15.49
北北基桃竹苗,2016,1,82,465109,0.18,18.81,80.44,134.85,214.92,140.31,332.04,174.13,86.46,21.16
北北基桃竹苗,2016,2,1105,795122,1.39,15.84,38.71,111.24,149.89,201.74,272.55,142.5,83.34,18.4
北北基桃竹苗,2016,3,1094,796545,1.37,15.5,43.96,121.71,165.65,184.2,285.22,153.72,84.26,16.9
北北基桃竹苗,2016,4,1055,798918,1.32,12.09,73.56,114.24,187.82,177.5,246.91,111.75,76.77,19.47
北北基桃竹苗,2016,5,1127,790403,1.43,14.87,45.46,108.86,153.93,189.69,165.17,65.92,87.72,14.66
北北基桃竹苗,2016,6,1577,813522,1.94,14.13,34.46,111.42,145.67,263.59,399.46,217.99,64.5,20.79
北北基桃竹苗,2016,7,469,725034,0.65,15.78,44.84,109.14,154.03,171.78,232.96,119.06,79.29,15.36
北北基桃竹苗,2016,8,1470,804199,1.83,14.44,36.21,103.21,139.12,235.55,363.63,150.25,80.18,14.31
北北基桃竹苗,2016,9,1341,811735,1.65,15.91,39.19,124.4,163.71,243.62,309.12,145.35,72.96,16.83
北北基桃竹苗,2016,10,1356,814846,1.66,18.97,66.99,145.01,211.87,164.37,322.43,180.5,81.48,21.81
北北基桃竹苗,2016,11,1292,806962,1.6,14.76,78.82,150.04,228.88,185.53,247.9,130.77,88.98,16.3
北北基桃竹苗,2016,12,1261,795292,1.59,17.62,78.99,138.74,217.57,216.82,320.83,167.99,88.69,16.89
北北基桃竹苗,2016,13,1189,797064,1.49,15.65,44.29,153.45,197.63,285.31,430.74,232.69,69.63,22.72
北北基桃竹苗,2016,14,1311,801249,1.64,23.32,46.83,139.94,186.88,191.38,457.48,277.47,80.62,24.81
北北基桃竹苗,2016,15,945,799696,1.18,21.78,39.44,129.05,168.04,180.85,286.73,164.4,87.94,20.39
北北基桃竹苗,2016,16,1200,794532,1.51,22.99,47.76,127.27,174.7,223.39,302.26,151.43,82.28,19.98
北北基桃竹苗,2016,17,1193,802952,1.49,24.99,37.84,106.35,143.84,199.38,329.19,182.49,81.38,22.39
北北基桃竹苗,2016,18,1112,801880,1.39,24.8,31.72,119.57,151.34,278.09,419.81,238.72,75.11,23.59
北北基桃竹苗,2016,19,1054,784650,1.34,26.56,37.66,103.8,141.91,202.25,277.64,140.9,77.05,23.23
北北基桃竹苗,2016,20,1099,803526,1.37,24.43,25.49,92.09,117.22,252.25,251.3,119.7,78.45,17.77
北北基桃竹苗,2016,21,1026,791586,1.3,25.79,40.85,120.27,160.9,170.63,270.82,149.23,83.93,25.59
北北基桃竹苗,2016,22,1078,790233,1.36,29.57,35.81,84.1,119.61,158.7,230.18,97.96,74.09,20.43
北北基桃竹苗,2016,23,996,801371,1.24,28.23,36.35,90.85,127.17,182.0,221.92,99.88,77.35,19.95
北北基桃竹苗,2016,24,824,780562,1.06,27.83,49.25,76.64,125.72,135.5,167.61,60.04,77.47,15.68
北北基桃竹苗,2016,25,952,787802,1.21,29.4,37.36,87.4,124.64,159.52,201.86,84.81,73.46,22.41
北北基桃竹苗,2016,26,986,786227,1.25,29.68,36.84,89.71,126.66,169.85,204.65,91.6,73.77,23.05
北北基桃竹苗,2016,27,820,787734,1.04,29.56,36.41,72.96,109.34,147.6,190.56,75.44,73.32,18.58
北北基桃竹苗,2016,28,762,768063,0.99,29.13,34.19,75.8,109.44,153.96,181.3,67.7,75.72,17.28
北北基桃竹苗,2016,29,927,797537,1.16,29.79,40.28,83.36,123.2,145.46,224.88,96.41,70.72,18.43
北北基桃竹苗,2016,30,879,774688,1.13,30.32,30.83,92.45,123.29,209.75,255.78,134.9,68.73,26.01
北北基桃竹苗,2016,31,769,762580,1.01,30.22,28.4,81.14,109.47,198.18,220.69,99.23,69.82,20.67
北北基桃竹苗,2016,32,839,777742,1.08,29.53,33.8,82.29,116.25,161.27,189.72,80.31,75.28,20.96
北北基桃竹苗,2016,33,786,770073,1.02,28.91,31.75,81.71,113.32,175.7,182.31,72.41,75.98,18.67
北北基桃竹苗,2016,34,878,777983,1.13,29.6,31.98,84.91,117.01,188.85,259.25,117.41,72.24,22.26
北北基桃竹苗,2016,35,822,773732,1.06,28.27,24.98,101.6,126.15,324.32,331.47,166.44,67.38,22.41
北北基桃竹苗,2016,36,848,774683,1.09,28.33,35.88,91.66,127.35,162.82,195.7,85.74,77.97,19.32
北北基桃竹苗,2016,37,882,780020,1.13,27.59,41.18,80.17,121.36,143.08,183.3,68.73,80.57,16.95
北北基桃竹苗,2016,38,736,775100,0.95,26.52,30.53,73.17,103.67,214.2,235.47,85.54,76.16,15.38
北北基桃竹苗,2016,39,916,773499,1.18,27.19,26.7,68.67,95.05,178.87,221.26,91.13,79.17,16.03
北北基桃竹苗,2016,40,699,763640,0.92,27.76,41.15,79.33,120.33,152.59,226.5,96.18,75.55,17.89
北北基桃竹苗,2016,41,952,788886,1.21,24.52,39.65,80.38,119.46,196.07,165.82,59.92,87.36,14.76
北北基桃竹苗,2016,42,787,777470,1.01,27.59,33.46,68.74,101.99,172.17,243.41,109.59,77.19,17.69
北北基桃竹苗,2016,43,918,804336,1.14,27.64,37.84,110.62,148.59,195.78,311.98,152.37,78.25,25.11
北北基桃竹苗,2016,44,872,791204,1.1,22.99,24.8,77.87,102.5,249.04,253.97,96.4,76.3,18.22
北北基桃竹苗,2016,45,956,773361,1.24,22.06,37.33,108.89,146.19,212.2,260.93,118.34,78.54,19.76
北北基桃竹苗,2016,46,952,798165,1.19,23.65,40.76,122.84,163.3,223.78,341.7,159.61,77.17,22.76
北北基桃竹苗,2016,47,987,781547,1.26,22.27,50.71,119.19,169.71,166.49,217.1,94.02,82.4,21.66
北北基桃竹苗,2016,48,1005,788282,1.27,20.39,31.47,91.96,123.14,206.08,266.6,99.54,78.96,15.21
北北基桃竹苗,2016,49,986,784767,1.26,20.4,27.39,93.69,120.94,221.5,300.27,123.22,78.93,19.49
北北基桃竹苗,2016,50,1084,790288,1.37,19.13,35.31,99.0,134.38,224.42,283.93,118.61,76.59,17.02
北北基桃竹苗,2016,51,978,787673,1.24,19.85,53.65,123.88,177.71,189.93,293.49,140.54,71.86,19.7
北北基桃竹苗,2016,52,992,777433,1.28,17.87,32.49,96.12,128.21,220.8,292.32,130.8,73.49,15.6
北北基桃竹苗,2017,1,970,767582,1.26,21.03,46.83,121.27,167.87,172.77,328.85,163.38,81.77,19.89
北北基桃竹苗,2017,2,1046,795071,1.32,17.74,29.96,99.88,129.69,218.27,280.6,145.12,79.91,19.35
北北基桃竹苗,2017,3,1080,784822,1.38,16.11,36.42,97.55,134.14,204.63,228.05,92.17,80.3,15.36
北北基桃竹苗,2017,4,1007,788426,1.28,15.9,27.42,83.91,111.01,256.25,268.38,118.49,72.29,15.81
北北基桃竹苗,2017,5,647,758878,0.85,17.78,32.04,86.27,118.19,209.51,253.68,120.66,78.22,15.03
北北基桃竹苗,2017,6,1151,792923,1.45,15.05,27.54,85.51,112.99,258.49,351.24,176.72,69.28,16.56
北北基桃竹苗,2017,7,1039,774834,1.34,17.37,40.76,117.94,158.71,255.86,310.15,151.38,66.09,17.54
北北基桃竹苗,2017,8,1131,793690,1.42,17.25,45.02,120.05,164.95,209.22,249.91,126.82,83.3,15.0
北北基桃竹苗,2017,9,947,792057,1.2,15.48,43.45,126.75,170.26,252.79,346.4,169.44,75.0,19.4
北北基桃竹苗,2017,10,1087,807287,1.35,16.61,41.19,135.21,176.2,266.81,315.57,167.49,82.34,18.4
北北基桃竹苗,2017,11,1055,791608,1.33,17.46,32.74,114.44,147.25,248.8,276.66,128.14,83.88,16.18
北北基桃竹苗,2017,12,1061,796923,1.33,19.44,35.79,113.53,148.74,259.58,237.18,110.53,82.67,18.32
北北基桃竹苗,2017,13,1092,794352,1.37,18.56,35.72,131.26,167.19,307.57,464.27,227.14,70.54,21.31
北北基桃竹苗,2017,14,853,794129,1.07,21.67,36.47,124.91,160.76,298.37,370.46,205.3,63.33,21.75
北北基桃竹苗,2017,15,1173,805237,1.46,22.53,42.7,125.15,167.81,217.84,299.89,148.62,78.84,21.07
北北基桃竹苗,2017,16,1061,794360,1.34,24.56,42.3,106.27,148.35,193.4,305.47,158.43,80.38,18.76
北北基桃竹苗,2017,17,1031,796059,1.3,20.88,40.22,124.86,164.89,287.36,297.98,131.77,72.67,19.06
北北基桃竹苗,2017,18,982,789099,1.24,25.07,35.4,116.4,151.47,237.57,318.75,175.51,73.38,24.2
北北基桃竹苗,2017,19,1037,798806,1.3,26.17,33.03,105.81,138.89,215.06,333.62,139.04,77.13,22.24
北北基桃竹苗,2017,20,1020,803779,1.27,24.43,23.68,95.14,118.79,271.74,202.96,94.99,78.56,18.47
北北基桃竹苗,2017,21,1071,811647,1.32,24.83,28.25,93.33,121.36,227.51,210.19,91.25,78.82,20.37
北北基桃竹苗,2017,22,905,787900,1.15,26.44,29.91,85.08,114.72,202.33,172.02,79.69,80.91,16.12
北北基桃竹苗,2017,23,1063,792541,1.34,28.02,36.14,94.71,130.65,178.26,246.48,128.12,80.41,22.05
北北基桃竹苗,2017,24,993,797850,1.24,25.97,42.48,93.59,135.95,163.36,147.76,59.02,85.69,16.02
北北基桃竹苗,2017,25,1087,800117,1.36,28.06,56.45,85.69,141.91,122.59,171.14,72.08,75.94,19.22
北北基桃竹苗,2017,26,986,785150,1.26,29.37,32.88,82.76,115.74,166.71,209.43,95.56,73.68,21.96
北北基桃竹苗,2017,27,1019,791331,1.29,28.87,40.52,84.91,125.22,136.1,167.49,64.33,75.99,18.89
北北基桃竹苗,2017,28,1012,783996,1.29,29.88,37.18,85.91,123.31,145.28,197.29,87.49,74.42,21.6
北北基桃竹苗,2017,29,929,777928,1.19,30.49,31.84,78.69,109.55,171.44,213.1,101.77,70.3,21.9
北北基桃竹苗,2017,30,992,787541,1.26,30.01,29.75,78.17,107.78,178.23,214.47,111.1,73.94,21.04
北北基桃竹苗,2017,31,963,785919,1.23,29.26,36.17,89.0,124.61,170.12,219.17,98.03,76.63,19.26
北北基桃竹苗,2017,32,964,797767,1.21,31.12,32.47,72.99,105.03,157.02,225.09,99.08,68.87,19.26
北北基桃竹苗,2017,33,857,780793,1.1,30.21,32.22,85.33,117.5,174.85,219.06,120.32,71.84,24.23
北北基桃竹苗,2017,34,823,776064,1.06,29.8,31.38,73.54,104.76,163.96,195.25,93.2,73.54,19.34
北北基桃竹苗,2017,35,882,770220,1.15,29.19,26.94,67.34,94.47,178.72,180.91,82.03,73.5,17.43
北北基桃竹苗,2017,36,930,782706,1.19,28.91,33.89,90.93,124.61,174.27,223.69,111.96,78.98,22.44
北北基桃竹苗,2017,37,939,786462,1.19,28.62,34.69,91.46,126.3,208.01,248.99,114.17,71.91,21.27
北北基桃竹苗,2017,38,913,780164,1.17,28.88,24.81,107.33,131.71,299.98,326.4,182.19,69.03,28.39
北北基桃竹苗,2017,39,951,786885,1.21,29.88,30.14,97.57,127.44,219.32,258.48,138.38,71.71,23.27
北北基桃竹苗,2017,40,922,783733,1.18,28.57,22.06,79.75,101.96,249.71,272.63,134.78,75.39,20.24
北北基桃竹苗,2017,41,802,777773,1.03,27.79,26.1,56.4,82.85,165.17,176.82,73.72,78.69,15.05
北北基桃竹苗,2017,42,934,784401,1.19,24.62,40.97,77.76,119.06,206.31,187.56,74.11,85.47,14.0
北北基桃竹苗,2017,43,974,779358,1.25,22.06,26.89,93.95,120.53,338.45,327.25,150.46,68.42,15.68
北北基桃竹苗,2017,44,978,782322,1.25,21.76,29.69,87.02,116.25,269.51,269.96,113.79,76.25,15.56
北北基桃竹苗,2017,45,1009,794722,1.27,23.77,26.94,86.44,112.87,238.45,242.92,111.72,81.1,16.17
北北基桃竹苗,2017,46,1033,786963,1.31,22.92,34.96,104.06,139.1,185.23,211.78,102.16,84.9,18.89
北北基桃竹苗,2017,47,1034,789917,1.31,18.56,33.94,92.45,126.22,196.52,172.35,72.38,85.57,15.03
北北基桃竹苗,2017,48,1047,787776,1.33,21.5,36.41,90.36,126.66,207.01,208.43,96.03,83.97,15.39
北北基桃竹苗,2017,49,985,798144,1.23,16.69,34.79,99.68,133.82,224.99,258.27,123.43,78.65,16.53
北北基桃竹苗,2017,50,1098,796844,1.38,17.79,38.38,95.47,133.43,212.14,211.18,96.04,79.85,16.5
北北基桃竹苗,2017,51,1051,788481,1.33,16.01,36.06,97.49,133.6,229.12,250.68,119.99,73.24,17.95
北北基桃竹苗,2017,52,1132,800649,1.41,18.03,26.94,97.63,124.38,242.2,363.99,180.01,74.23,18.55
北北基桃竹苗,2018,1,982,855410,1.15,18.09,35.45,100.45,135.89,194.88,229.18,100.29,81.94,16.35
北北基桃竹苗,2018,2,1085,880542,1.23,12.69,44.05,101.66,145.37,201.09,207.13,89.38,68.75,15.97
北北基桃竹苗,2018,3,1156,889134,1.3,18.8,49.85,122.04,171.87,200.22,254.98,128.14,82.6,20.66
北北基桃竹苗,2018,4,1224,877781,1.39,16.78,26.34,84.49,110.77,227.02,202.34,80.14,80.49,14.7
北北基桃竹苗,2018,5,1085,865502,1.25,11.31,28.45,92.54,121.35,217.84,192.81,106.78,88.33,13.79
北北基桃竹苗,2018,6,1291,889710,1.45,11.97,52.01,117.22,168.82,211.02,265.88,128.2,83.56,15.39
北北基桃竹苗,2018,7,897,871903,1.03,17.17,37.42,116.86,154.31,242.26,475.18,193.92,71.08,18.5
北北基桃竹苗,2018,8,1076,862404,1.25,16.46,34.12,108.9,143.02,209.72,303.96,155.85,85.32,16.15
北北基桃竹苗,2018,9,1171,870542,1.35,19.87,70.27,141.11,211.18,179.67,408.5,211.42,82.23,21.49
北北基桃竹苗,2018,10,1343,879369,1.53,16.78,29.15,90.07,119.22,236.77,248.96,113.47,73.72,14.18
北北基桃竹苗,2018,11,1313,882901,1.49,20.09,49.52,138.61,188.12,215.0,323.21,163.44,76.31,21.58
北北基桃竹苗,2018,12,1252,876129,1.43,18.56,28.45,103.04,131.92,275.42,311.81,142.42,66.94,15.02
北北基桃竹苗,2018,13,1274,866593,1.47,22.53,27.54,91.88,119.63,252.07,340.55,154.15,67.97,15.93
北北基桃竹苗,2018,14,1026,884914,1.16,21.13,25.41,90.0,115.02,254.3,468.06,190.97,69.75,16.44
北北基桃竹苗,2018,15,1336,877111,1.52,23.42,45.37,118.22,163.2,211.03,329.36,152.28,75.16,21.34
北北基桃竹苗,2018,16,1170,873357,1.34,22.09,24.46,106.41,130.98,300.78,390.07,172.16,72.68,19.53
北北基桃竹苗,2018,17,1193,868832,1.37,23.84,25.52,110.1,135.59,285.62,311.05,171.11,73.98,19.85
北北基桃竹苗,2018,18,1059,869538,1.22,25.79,26.65,99.56,125.91,248.37,304.62,160.48,72.69,20.87
北北基桃竹苗,2018,19,1112,883595,1.26,25.29,24.41,94.4,118.28,261.87,285.15,122.22,72.71,20.96
北北基桃竹苗,2018,20,1080,867511,1.24,28.54,32.5,93.41,126.24,167.21,259.15,133.78,75.3,26.16
北北基桃竹苗,2018,21,1034,852607,1.21,28.23,25.02,94.8,119.43,224.25,275.75,133.96,72.13,24.35
北北基桃竹苗,2018,22,1006,862105,1.17,27.85,20.87,82.19,103.31,260.27,234.63,117.83,75.64,20.52
北北基桃竹苗,2018,23,1059,863535,1.23,28.63,27.34,78.32,105.78,178.95,207.44,94.25,76.09,20.78
北北基桃竹苗,2018,24,1014,864896,1.17,26.74,21.31,85.11,106.12,295.9,221.49,102.29,75.37,15.72
北北基桃竹苗,2018,25,872,840798,1.04,28.28,35.85,74.37,110.55,129.44,168.45,66.32,76.95,17.74
北北基桃竹苗,2018,26,956,861528,1.11,29.39,29.62,79.35,108.78,170.35,203.21,101.4,71.84,22.63
北北基桃竹苗,2018,27,933,849671,1.1,29.62,32.65,64.68,97.33,151.73,170.56,68.06,68.52,17.31
北北基桃竹苗,2018,28,908,861328,1.05,29.06,30.6,53.02,83.52,128.81,183.32,78.05,73.69,17.47
北北基桃竹苗,2018,29,944,854718,1.1,29.67,32.88,51.69,84.64,124.12,177.6,83.07,71.95,17.65
北北基桃竹苗,2018,30,933,861873,1.08,29.59,33.26,82.92,115.87,169.09,251.22,119.64,74.91,21.72
北北基桃竹苗,2018,31,884,857520,1.03,30.29,28.97,81.16,109.52,197.68,239.35,110.19,71.57,20.91
北北基桃竹苗,2018,32,924,873789,1.06,29.81,25.65,76.45,101.87,191.56,243.46,133.88,71.79,21.99
北北基桃竹苗,2018,33,913,864574,1.06,28.68,28.79,83.63,112.48,180.13,189.61,78.82,77.94,18.74
北北基桃竹苗,2018,34,892,870012,1.03,28.28,26.26,80.89,106.63,189.81,174.31,72.2,80.23,17.11
北北基桃竹苗,2018,35,947,858313,1.1,27.38,41.1,92.39,133.48,139.36,196.13,82.22,79.14,17.22
北北基桃竹苗,2018,36,955,861831,1.11,28.16,28.22,85.29,113.5,195.85,230.18,110.03,78.46,19.4
北北基桃竹苗,2018,37,871,846054,1.03,28.37,31.87,65.71,97.12,155.65,195.13,79.6,74.95,16.53
北北基桃竹苗,2018,38,1019,851942,1.2,29.01,28.79,80.83,109.35,182.42,265.6,144.68,73.57,21.52
北北基桃竹苗,2018,39,873,843196,1.04,25.11,23.23,73.16,96.71,286.3,271.46,95.71,76.77,14.28
北北基桃竹苗,2018,40,1034,869662,1.19,24.18,19.82,82.7,102.83,357.13,292.01,120.21,67.79,16.59
北北基桃竹苗,2018,41,857,861166,1.0,22.78,22.06,81.58,103.58,256.11,187.8,83.9,83.77,15.84
北北基桃竹苗,2018,42,972,873928,1.11,22.76,22.17,86.57,109.05,280.73,209.99,85.87,79.13,15.18
北北基桃竹苗,2018,43,963,876489,1.1,23.21,27.55,93.21,120.29,274.45,324.62,128.69,72.85,18.8
北北基桃竹苗,2018,44,1031,857408,1.2,21.87,23.59,79.24,101.62,295.35,211.27,79.71,77.57,14.73
北北基桃竹苗,2018,45,1038,876413,1.18,24.03,34.34,101.65,136.2,192.53,287.46,150.23,81.79,20.18
北北基桃竹苗,2018,46,971,875911,1.11,22.45,29.94,95.58,125.4,206.14,216.97,101.8,80.19,17.8
北北基桃竹苗,2018,47,937,866747,1.08,20.85,29.05,91.66,120.84,213.53,182.67,89.91,78.96,16.08
北北基桃竹苗,2018,48,1022,868096,1.18,20.97,35.78,110.0,145.62,223.03,268.33,132.33,75.12,18.91
北北基桃竹苗,2018,49,1073,872410,1.23,20.89,40.67,98.63,139.13,186.62,186.49,88.68,79.62,17.81
北北基桃竹苗,2018,50,1038,855858,1.21,18.39,32.1,85.48,117.71,177.33,150.2,73.56,84.35,14.78
北北基桃竹苗,2018,51,1024,874480,1.17,19.16,45.84,128.57,174.22,225.02,331.63,160.03,71.82,20.85
北北基桃竹苗,2018,52,1083,880196,1.23,16.88,25.65,70.15,96.03,211.65,107.81,51.39,84.35,13.31
北北基桃竹苗,2019,1,724,857443,0.84,18.64,37.5,94.28,131.71,171.13,139.46,71.68,87.3,14.67
北北基桃竹苗,2019,2,1252,879748,1.42,19.6,43.68,104.78,148.39,162.57,216.25,101.25,84.87,15.26
北北基桃竹苗,2019,3,1144,877584,1.3,16.9,39.29,108.75,147.85,220.38,273.81,133.52,81.25,15.17
北北基桃竹苗,2019,4,1213,882155,1.38,15.4,31.62,104.22,135.86,264.59,308.72,141.85,70.47,16.74
北北基桃竹苗,2019,5,1508,893452,1.69,18.28,45.17,120.57,165.4,210.34,310.06,165.91,76.03,17.02
北北基桃竹苗,2019,6,264,687530,0.38,17.62,20.12,68.76,88.65,216.16,227.17,112.34,83.67,12.41
北北基桃竹苗,2019,7,1328,876537,1.52,18.6,27.27,91.1,118.39,200.14,179.53,88.64,85.97,14.09
北北基桃竹苗,2019,8,1310,882961,1.48,18.0,35.63,103.21,138.95,211.65,214.68,105.28,86.15,14.91
北北基桃竹苗,2019,9,1126,884117,1.27,18.73,28.64,106.35,134.9,229.77,323.57,161.21,82.83,14.76
北北基桃竹苗,2019,10,1166,887093,1.31,16.38,32.94,114.87,147.24,245.06,193.17,108.1,85.47,13.88
北北基桃竹苗,2019,11,1210,869996,1.39,19.15,28.79,112.43,141.24,299.91,298.46,150.11,69.8,15.23
北北基桃竹苗,2019,12,1295,873139,1.48,20.04,34.67,107.87,142.72,229.34,265.49,137.43,82.48,15.65
北北基桃竹苗,2019,13,1265,877341,1.44,20.86,25.59,92.9,118.28,280.13,266.24,124.15,78.02,15.39
北北基桃竹苗,2019,14,944,883363,1.07,22.1,31.89,103.77,135.72,268.69,282.74,156.45,80.6,15.84
北北基桃竹苗,2019,15,1317,873988,1.51,21.99,26.92,90.55,117.47,258.1,233.47,120.76,80.0,15.39
北北基桃竹苗,2019,16,1231,887486,1.39,23.39,30.5,117.41,147.79,240.3,249.55,140.79,81.7,18.49
北北基桃竹苗,2019,17,1141,884980,1.29,26.43,27.79,87.83,115.65,232.76,232.65,120.78,76.36,20.22
北北基桃竹苗,2019,18,1090,876404,1.24,22.38,21.54,82.58,103.74,287.28,226.33,102.13,77.41,13.63
北北基桃竹苗,2019,19,1185,863578,1.37,22.8,23.59,90.75,114.51,254.15,172.25,88.4,83.94,15.88
北北基桃竹苗,2019,20,1111,871943,1.27,26.92,37.23,81.44,118.07,153.73,208.28,105.34,80.76,16.05
北北基桃竹苗,2019,21,1040,876097,1.19,25.18,25.38,96.58,122.1,267.56,271.1,122.49,72.41,15.76
北北基桃竹苗,2019,22,1016,865296,1.17,26.03,30.26,81.19,111.31,208.97,188.78,78.63,77.88,15.68
北北基桃竹苗,2019,23,908,859245,1.06,28.63,45.35,75.04,119.84,127.75,161.06,70.09,73.63,16.09
北北基桃竹苗,2019,24,1187,875387,1.36,25.4,30.69,94.17,124.26,254.53,154.25,83.55,81.43,15.23
北北基桃竹苗,2019,25,1078,872639,1.24,28.56,31.38,78.11,109.08,148.85,145.26,63.63,76.46,15.56
北北基桃竹苗,2019,26,1058,868610,1.22,28.73,33.1,79.57,112.45,165.31,144.98,67.31,77.19,15.44
北北基桃竹苗,2019,27,1020,861580,1.18,29.66,30.35,64.63,95.14,155.32,131.97,60.19,70.74,14.03
北北基桃竹苗,2019,28,1036,875948,1.18,30.01,29.72,63.12,92.84,149.02,142.86,82.82,70.29,14.52
北北基桃竹苗,2019,29,993,875610,1.13,29.52,30.08,61.52,91.12,147.04,152.19,70.45,75.83,15.05
北北基桃竹苗,2019,30,963,859638,1.12,29.3,30.09,72.09,101.75,166.7,152.44,77.42,75.99,15.72
北北基桃竹苗,2019,31,968,850767,1.14,30.18,27.88,52.72,80.6,150.98,132.22,74.94,71.78,15.42
北北基桃竹苗,2019,32,830,861629,0.96,29.44,26.46,48.1,74.71,162.15,149.78,74.89,77.52,13.48
北北基桃竹苗,2019,33,935,864313,1.08,29.13,24.81,68.79,93.72,220.57,133.27,77.42,75.74,14.51
北北基桃竹苗,2019,34,912,869577,1.05,28.73,28.39,65.42,93.93,163.12,146.25,74.7,78.31,15.62
北北基桃竹苗,2019,35,912,863106,1.06,29.4,32.53,65.11,97.57,158.47,165.16,98.52,74.84,16.78
北北基桃竹苗,2019,36,980,864157,1.13,27.98,38.08,72.38,110.1,150.93,142.84,82.41,78.81,16.39
北北基桃竹苗,2019,37,894,868968,1.03,28.43,27.01,60.8,87.6,188.69,165.43,96.04,75.27,15.38
北北基桃竹苗,2019,38,1026,874771,1.17,24.39,23.8,80.04,103.77,315.69,229.62,98.01,77.67,14.15
北北基桃竹苗,2019,39,1065,876688,1.21,25.16,27.34,66.66,94.32,182.07,126.49,57.47,81.1,14.3
北北基桃竹苗,2019,40,916,852700,1.07,27.22,32.76,82.0,114.95,228.68,248.25,161.22,74.82,16.53
北北基桃竹苗,2019,41,894,864889,1.03,25.5,18.89,73.74,92.41,306.86,222.8,118.55,72.03,15.57
北北基桃竹苗,2019,42,1024,852098,1.2,22.73,19.95,72.62,92.69,317.77,229.12,96.13,71.21,13.7
北北基桃竹苗,2019,43,1048,865407,1.21,23.37,22.9,81.67,104.45,283.9,195.99,96.15,72.58,15.41
北北基桃竹苗,2019,44,1094,869513,1.26,22.87,18.62,73.04,91.31,304.81,286.03,122.89,80.72,13.97
北北基桃竹苗,2019,45,1028,856584,1.2,21.48,23.45,75.53,98.9,302.59,200.77,88.95,68.28,14.18
北北基桃竹苗,2019,46,1035,866403,1.19,21.54,32.31,104.15,136.43,271.47,297.32,151.28,70.88,16.14
北北基桃竹苗,2019,47,1053,875025,1.2,20.72,30.2,75.56,105.37,195.85,154.87,67.79,82.93,14.22
北北基桃竹苗,2019,48,1074,865823,1.24,19.09,24.81,77.58,102.67,225.75,167.54,80.29,77.43,14.54
北北基桃竹苗,2019,49,1056,873071,1.21,15.52,27.84,79.44,107.35,250.25,159.94,74.19,72.8,14.13
北北基桃竹苗,2019,50,1132,861804,1.31,19.25,41.22,110.67,152.03,217.52,225.2,118.1,73.94,17.29
北北基桃竹苗,2019,51,1096,870184,1.26,19.41,45.89,104.01,149.62,156.74,133.22,70.79,84.36,15.82
北北基桃竹苗,2019,52,1103,860797,1.28,18.25,50.75,106.82,157.68,163.8,162.03,84.81,82.15,14.43
宜花東,2016,2,125,52370,2.39,18.25,21.62,72.47,94.06,188.6,197.23,99.26,80.56,12.54
宜花東,2016,3,136,55997,2.43,17.91,27.9,79.86,107.27,166.01,220.85,116.58,81.62,14.61
宜花東,2016,4,112,44042,2.54,14.35,30.66,70.88,100.78,174.33,182.84,87.33,77.66,13.04
宜花東,2016,5,128,53617,2.39,17.98,24.45,71.46,95.86,181.16,140.74,65.07,81.31,11.96
宜花東,2016,6,139,49903,2.79,16.59,17.28,62.7,79.04,258.34,317.09,167.53,67.76,12.89
宜花東,2016,7,14,17647,0.79,18.08,21.71,64.97,86.36,172.56,183.26,93.1,77.34,12.27
宜花東,2016,8,147,55007,2.67,17.77,17.92,67.12,84.59,237.38,297.03,131.44,74.52,12.5
宜花東,2016,9,148,53872,2.75,18.0,18.12,64.04,81.11,247.66,275.46,119.81,69.75,12.6
宜花東,2016,10,121,50304,2.41,21.11,22.36,62.73,84.67,174.75,203.66,98.1,78.42,13.55
宜花東,2016,11,147,58405,2.52,17.6,27.38,78.26,105.07,198.04,189.64,93.86,82.69,12.6
宜花東,2016,12,135,48825,2.76,20.34,27.26,73.58,100.88,208.33,260.87,133.72,84.08,12.92
宜花東,2016,13,110,51273,2.15,17.56,16.05,71.31,87.6,293.78,321.75,164.92,70.83,14.34
宜花東,2016,14,122,46690,2.61,24.3,16.84,63.12,80.11,200.54,321.71,168.12,78.02,14.59
宜花東,2016,15,86,47448,1.81,24.11,17.92,66.57,83.55,184.46,228.39,111.33,81.95,14.64
宜花東,2016,16,115,51273,2.24,24.79,19.81,60.02,78.73,203.44,227.75,96.94,77.62,14.52
宜花東,2016,17,130,52261,2.49,26.06,18.12,52.38,70.37,176.01,239.33,112.3,78.99,14.93
宜花東,2016,18,127,50043,2.54,25.34,16.49,55.51,71.35,246.23,335.01,159.91,75.99,14.79
宜花東,2016,19,100,48275,2.07,27.12,16.1,47.25,63.2,169.9,204.21,76.78,77.4,12.15
宜花東,2016,20,107,50298,2.13,25.48,14.32,46.19,60.31,221.56,183.11,75.01,79.95,12.67
宜花東,2016,21,123,45985,2.67,26.31,17.8,52.65,69.66,167.06,178.52,79.41,85.3,13.88
宜花東,2016,22,90,42376,2.12,29.32,16.47,42.88,59.21,143.45,190.97,71.68,76.89,14.05
宜花東,2016,23,81,51004,1.59,28.17,15.73,42.77,58.07,152.99,161.98,65.12,78.8,12.67
宜花東,2016,24,77,44997,1.71,27.34,25.02,47.12,67.12,114.57,165.27,54.52,82.29,12.17
宜花東,2016,25,99,46555,2.13,29.22,19.22,37.68,57.28,120.38,157.8,57.68,74.49,13.75
宜花東,2016,26,103,51456,2.0,29.72,19.55,37.25,57.48,108.62,157.03,53.14,74.66,13.46
宜花東,2016,27,110,52871,2.08,29.88,20.14,34.7,55.18,102.73,148.11,49.0,72.73,11.9
宜花東,2016,28,78,48146,1.62,28.37,17.43,38.11,55.48,154.96,185.47,53.91,81.96,12.12
宜花東,2016,29,103,46737,2.2,29.92,18.76,41.07,59.37,144.73,198.52,73.74,72.56,13.97
宜花東,2016,30,98,48016,2.04,30.13,16.76,38.89,55.43,155.28,185.05,83.53,70.57,14.84
宜花東,2016,31,81,48885,1.66,29.19,16.61,39.39,55.97,148.65,200.81,69.56,74.65,13.46
宜花東,2016,32,81,43941,1.84,29.47,16.46,39.06,54.23,163.74,165.76,69.24,75.22,13.58
宜花東,2016,33,97,50188,1.93,28.22,17.53,41.68,57.72,143.21,151.51,50.58,80.16,13.56
宜花東,2016,34,87,44675,1.95,29.22,16.64,41.65,58.36,176.09,205.64,89.1,74.29,14.29
宜花東,2016,35,83,44774,1.85,27.84,15.08,49.56,63.29,257.1,266.07,120.65,74.39,14.32
宜花東,2016,36,101,49182,2.05,27.87,18.96,46.0,64.9,147.17,177.52,69.28,80.46,13.73
宜花東,2016,37,87,48109,1.81,27.33,19.2,37.2,57.06,137.39,146.43,47.74,83.77,13.63
宜花東,2016,38,74,43891,1.69,26.8,17.33,42.86,60.78,194.33,204.82,76.12,78.82,12.79
宜花東,2016,39,88,46188,1.91,27.32,15.87,37.02,53.63,196.17,254.61,85.16,80.47,11.86
宜花東,2016,40,72,46483,1.55,27.11,20.43,43.03,64.16,129.08,179.95,69.07,79.72,14.19
宜花東,2016,41,103,47622,2.16,25.32,23.73,46.09,68.87,127.95,123.39,43.63,87.76,12.22
宜花東,2016,42,77,42964,1.79,27.04,22.4,42.62,65.1,131.6,205.42,73.95,78.84,13.09
宜花東,2016,43,99,46731,2.12,27.49,18.12,47.5,65.76,148.19,199.01,67.39,81.16,13.63
宜花東,2016,44,88,49696,1.77,24.45,14.76,46.32,60.8,231.74,269.53,74.85,76.19,13.12
宜花東,2016,45,97,44772,2.17,22.99,17.35,55.28,73.8,202.75,223.36,77.0,76.56,12.62
宜花東,2016,46,99,49992,1.98,23.9,17.84,60.48,78.41,206.33,285.32,118.26,76.58,13.71
宜花東,2016,47,126,52570,2.4,23.35,22.58,60.19,83.63,159.27,192.42,76.46,82.18,13.07
宜花東,2016,48,103,51694,1.99,21.27,19.6,65.56,85.3,183.19,234.25,82.75,81.59,11.96
宜花東,2016,49,121,53457,2.26,22.05,17.7,66.08,84.24,202.75,282.25,115.16,78.67,13.9
宜花東,2016,50,104,51107,2.03,20.58,18.59,64.95,83.48,206.13,233.52,94.63,77.86,13.66
宜花東,2016,51,102,49371,2.07,20.41,23.07,68.1,92.09,167.51,241.53,103.96,74.8,14.1
宜花東,2016,52,99,50328,1.97,19.31,18.76,64.97,83.55,194.75,292.28,113.4,73.42,12.84
宜花東,2017,1,92,48206,1.91,22.06,20.71,62.6,83.34,170.84,237.21,104.65,75.06,13.02
宜花東,2017,2,120,52676,2.28,19.33,17.53,69.04,85.95,205.91,268.0,124.7,79.95,13.28
宜花東,2017,3,121,47360,2.55,18.07,19.65,65.32,85.28,197.48,216.66,87.75,78.54,12.5
宜花東,2017,4,101,51096,1.98,17.55,16.41,62.43,79.68,229.38,250.54,108.52,72.94,12.87
宜花東,2017,5,48,40930,1.17,19.39,15.56,51.57,66.31,208.22,199.35,83.58,77.68,12.3
宜花東,2017,6,116,48166,2.41,17.06,16.79,59.53,75.0,237.78,332.33,155.16,71.99,13.41
宜花東,2017,7,122,50530,2.41,18.08,18.16,64.26,82.38,232.46,260.14,119.24,70.05,12.96
宜花東,2017,8,118,51586,2.29,20.01,19.55,69.48,88.66,203.88,221.0,101.31,81.22,12.69
宜花東,2017,9,92,43949,2.09,17.68,15.48,66.94,82.08,258.9,301.86,142.66,75.29,12.13
宜花東,2017,10,137,49842,2.75,18.55,17.26,76.18,94.21,251.73,240.14,124.67,82.5,12.59
宜花東,2017,11,118,47940,2.46,20.03,18.12,62.11,78.68,234.84,222.18,102.54,80.35,11.54
宜花東,2017,12,128,49803,2.57,21.77,16.29,58.2,74.56,249.54,208.23,96.1,81.83,12.65
宜花東,2017,13,101,50001,2.02,19.7,16.15,62.33,77.35,280.05,342.28,151.85,74.32,10.92
宜花東,2017,14,103,45684,2.25,21.89,13.39,56.24,69.51,271.57,299.65,143.11,67.43,13.04
宜花東,2017,15,127,44237,2.87,23.2,17.38,60.32,77.77,217.47,235.27,109.0,80.71,13.02
宜花東,2017,16,132,51564,2.56,25.23,18.46,48.9,66.23,172.98,237.98,107.74,79.98,14.15
宜花東,2017,17,111,45330,2.45,21.77,16.71,58.27,74.43,276.87,239.78,101.37,76.73,12.77
宜花東,2017,18,84,39445,2.13,25.35,15.88,47.96,63.56,203.49,230.55,107.83,75.13,12.54
宜花東,2017,19,129,50876,2.54,27.06,16.54,44.91,62.41,190.19,228.38,87.47,75.81,15.3
宜花東,2017,20,77,43026,1.79,24.34,14.79,51.96,65.29,248.57,178.87,76.76,82.07,14.56
宜花東,2017,21,104,47148,2.21,25.08,15.99,46.81,62.23,207.69,163.29,61.84,81.67,12.33
宜花東,2017,22,99,45430,2.18,25.89,17.13,50.03,65.49,182.61,152.44,62.19,84.23,12.77
宜花東,2017,23,107,51861,2.06,27.84,20.53,40.92,61.15,127.56,172.61,64.35,79.44,14.0
宜花東,2017,24,118,49851,2.37,27.13,19.72,45.72,65.39,140.15,184.47,47.89,82.02,12.13
宜花東,2017,25,130,50138,2.59,28.43,22.4,48.21,70.49,136.11,199.26,67.48,74.71,15.77
宜花東,2017,26,100,46709,2.14,29.56,18.14,40.89,58.41,126.91,196.27,75.79,72.62,17.21
宜花東,2017,27,122,48402,2.52,28.71,23.22,35.81,59.48,89.05,151.44,46.21,75.03,14.89
宜花東,2017,28,104,44052,2.36,29.78,19.23,37.2,56.25,106.7,148.7,53.39,71.79,15.23
宜花東,2017,29,103,49457,2.08,29.58,19.33,37.91,57.73,108.08,160.02,63.72,72.01,15.3
宜花東,2017,30,93,45561,2.04,29.69,17.23,36.53,53.46,123.75,171.06,67.8,73.47,14.29
宜花東,2017,31,98,50114,1.96,28.86,17.5,39.21,55.81,157.79,228.75,86.47,79.02,14.37
宜花東,2017,32,93,47557,1.96,31.0,15.04,40.42,55.93,176.16,233.15,98.72,69.57,14.89
宜花東,2017,33,97,46578,2.08,30.55,15.95,37.36,53.86,151.83,191.76,88.39,70.92,14.05
宜花東,2017,34,105,47728,2.2,29.01,17.38,36.6,53.96,131.64,179.95,62.39,76.93,12.65
宜花東,2017,35,66,43978,1.5,28.21,18.32,42.4,60.46,122.01,168.57,60.61,77.93,12.38
宜花東,2017,36,99,43731,2.26,29.05,14.77,39.61,54.82,136.65,196.71,73.0,77.84,13.23
宜花東,2017,37,104,47088,2.21,29.16,16.69,39.69,56.24,168.24,207.95,85.75,71.68,12.92
宜花東,2017,38,102,49783,2.05,28.43,14.59,42.96,57.82,205.91,233.66,112.57,75.34,14.99
宜花東,2017,39,83,44387,1.87,29.23,16.24,43.38,59.45,159.05,189.39,84.76,74.65,14.32
宜花東,2017,40,83,44142,1.88,28.3,11.98,42.69,55.14,192.67,235.29,101.48,77.16,13.38
宜花東,2017,41,81,44479,1.82,27.22,18.56,42.69,61.81,134.14,164.87,58.88,82.7,12.06
宜花東,2017,42,110,46343,2.37,26.02,16.86,41.85,58.86,185.18,189.62,63.1,81.18,10.43
宜花東,2017,43,86,44162,1.95,23.12,12.97,52.74,66.45,298.53,328.46,134.67,69.76,11.78
宜花東,2017,44,93,50426,1.84,23.28,14.02,54.32,68.57,246.95,322.03,96.91,71.65,12.35
宜花東,2017,45,123,48618,2.53,24.1,15.95,57.6,73.18,182.4,218.18,88.8,82.13,12.32
宜花東,2017,46,111,52361,2.12,23.99,18.16,56.96,74.0,172.43,194.99,79.07,83.16,12.64
宜花東,2017,47,70,43978,1.59,21.2,17.89,60.53,77.39,191.49,205.22,77.49,79.21,11.64
宜花東,2017,48,75,43495,1.72,23.14,15.13,55.21,69.98,187.3,211.8,80.37,79.66,11.83
宜花東,2017,49,114,52380,2.18,18.97,16.83,65.0,80.87,215.49,246.09,109.51,77.43,11.76
宜花東,2017,50,113,52017,2.17,19.02,17.35,65.94,82.87,192.03,225.73,96.52,79.85,12.81
宜花東,2017,51,106,47129,2.25,17.75,14.12,58.04,72.96,214.73,234.69,95.34,70.6,12.59
宜花東,2017,52,119,50967,2.33,19.1,11.95,64.41,77.32,227.28,309.16,147.72,76.89,12.82
宜花東,2018,1,95,56686,1.68,19.1,18.98,65.52,84.39,174.04,209.55,97.01,83.31,12.33
宜花東,2018,2,134,61118,2.19,14.45,16.94,61.54,78.36,206.0,211.65,93.94,72.33,15.06
宜花東,2018,3,110,57530,1.91,20.01,20.65,72.39,92.46,180.67,223.31,108.65,81.46,15.8
宜花東,2018,4,108,54408,1.99,18.83,12.57,60.12,73.05,218.23,212.84,85.26,80.66,13.98
宜花東,2018,5,116,57430,2.02,15.09,14.77,62.33,76.61,216.02,166.7,73.89,79.71,10.94
宜花東,2018,6,103,49995,2.06,14.52,22.77,72.41,95.22,194.92,201.79,91.79,81.13,11.91
宜花東,2018,7,80,51741,1.55,18.68,13.29,58.69,72.54,230.43,328.53,126.34,74.76,13.68
宜花東,2018,8,85,56237,1.51,20.04,14.34,58.91,73.53,212.69,219.83,97.5,80.3,13.29
宜花東,2018,9,122,58545,2.08,22.1,19.97,60.58,80.58,191.86,266.71,114.1,79.65,15.04
宜花東,2018,10,125,50824,2.46,19.06,12.6,51.57,64.38,229.65,231.56,89.84,73.56,12.87
宜花東,2018,11,116,55854,2.08,21.66,14.29,57.19,71.82,233.83,231.88,99.8,74.05,14.17
宜花東,2018,12,107,59523,1.8,20.18,11.69,53.76,65.74,259.59,279.31,112.17,71.15,14.1
宜花東,2018,13,116,54872,2.11,22.34,11.49,46.44,58.54,230.9,278.44,111.81,71.4,14.1
宜花東,2018,14,83,46999,1.77,22.16,10.62,46.64,57.78,229.7,380.29,122.52,71.02,14.15
宜花東,2018,15,114,53098,2.15,24.18,16.84,47.47,64.45,194.38,231.1,81.27,75.29,14.69
宜花東,2018,16,95,51730,1.84,22.67,10.21,51.14,61.96,253.58,276.01,102.63,77.55,14.34
宜花東,2018,17,128,58685,2.18,24.09,13.24,49.49,62.04,254.88,252.98,106.85,79.91,14.03
宜花東,2018,18,96,52632,1.82,25.72,11.61,45.82,58.17,206.42,240.54,93.22,77.14,14.3
宜花東,2018,19,115,56108,2.05,25.31,13.55,47.49,61.32,206.16,231.96,83.58,77.18,14.34
宜花東,2018,20,95,57539,1.65,28.92,15.7,38.28,53.95,130.26,179.02,72.0,75.39,15.95
宜花東,2018,21,107,54720,1.96,28.38,13.44,42.61,55.98,192.43,218.58,89.54,74.41,15.23
宜花東,2018,22,98,52445,1.87,28.37,11.09,39.64,50.95,218.7,189.45,76.73,75.49,14.64
宜花東,2018,23,85,55165,1.54,28.81,14.74,34.12,49.57,141.35,157.03,61.28,76.58,14.3
宜花東,2018,24,96,52454,1.83,26.63,9.76,41.12,51.62,266.98,190.16,78.19,81.21,13.68
宜花東,2018,25,87,48643,1.79,27.47,17.1,39.78,56.69,116.22,180.69,54.28,82.87,14.59
宜花東,2018,26,104,56701,1.83,28.82,14.57,35.64,50.3,126.08,175.81,72.22,74.75,15.6
宜花東,2018,27,97,56459,1.72,28.45,17.6,47.45,65.29,132.48,191.05,65.79,75.3,15.33
宜花東,2018,28,82,49312,1.66,28.7,15.56,30.19,45.99,108.21,160.36,50.94,74.92,14.2
宜花東,2018,29,93,50187,1.85,28.67,20.66,28.84,48.55,94.8,151.76,49.4,77.15,14.84
宜花東,2018,30,87,51757,1.68,29.3,16.0,36.56,53.49,135.42,191.09,72.12,74.41,15.9
宜花東,2018,31,77,45404,1.7,29.94,13.51,38.48,52.0,174.75,202.04,84.82,71.51,16.04
宜花東,2018,32,99,49800,1.99,29.38,13.5,35.25,48.41,168.69,189.08,84.32,71.48,15.72
宜花東,2018,33,65,51033,1.27,28.35,15.36,40.17,55.24,148.7,165.34,51.19,80.76,13.11
宜花東,2018,34,87,51679,1.68,27.77,13.61,38.31,51.84,163.81,159.59,44.84,82.79,12.38
宜花東,2018,35,99,54241,1.83,26.52,19.82,36.65,56.34,101.75,160.92,42.07,84.19,10.63
宜花東,2018,36,89,49583,1.79,28.36,14.52,36.18,50.18,138.05,198.46,68.59,76.4,13.92
宜花東,2018,37,117,58727,1.99,27.69,17.38,33.4,50.77,121.0,177.05,54.15,80.41,11.53
宜花東,2018,38,113,53774,2.1,28.44,15.85,33.2,49.2,115.47,176.5,63.54,76.29,12.65
宜花東,2018,39,63,48140,1.31,26.64,12.49,36.83,48.71,225.87,241.16,68.4,75.96,11.66
宜花東,2018,40,103,54163,1.9,25.48,9.66,42.79,53.16,316.58,309.38,105.91,69.28,13.09
宜花東,2018,41,69,54796,1.26,23.95,11.88,47.3,58.76,219.27,164.38,65.61,83.71,12.97
宜花東,2018,42,111,59082,1.88,23.91,11.85,48.46,60.71,259.91,197.68,81.02,80.74,12.75
宜花東,2018,43,95,52007,1.83,23.98,14.13,49.29,62.85,242.9,284.21,102.76,75.51,14.12
宜花東,2018,44,81,47776,1.7,22.54,19.75,59.57,77.66,237.56,219.09,69.55,80.22,12.81
宜花東,2018,45,104,49068,2.12,24.87,18.58,48.04,66.47,144.51,208.32,75.54,80.69,14.19
宜花東,2018,46,87,56308,1.55,23.5,15.51,52.57,69.16,187.06,189.69,81.54,79.12,14.61
宜花東,2018,47,84,48958,1.72,22.11,14.67,52.21,67.0,196.15,166.67,69.88,78.73,14.02
宜花東,2018,48,82,54023,1.52,21.54,17.65,57.75,75.38,188.11,211.41,87.3,76.45,13.73
宜花東,2018,49,107,55550,1.93,22.74,16.79,55.23,71.31,177.02,177.47,64.6,78.3,13.06
宜花東,2018,50,107,51920,2.06,20.91,16.52,57.31,73.75,180.62,152.82,63.81,80.35,10.69
宜花東,2018,51,86,46798,1.84,19.97,17.31,63.19,80.43,198.02,246.82,102.0,74.31,12.92
宜花東,2018,52,80,47514,1.68,19.33,14.35,51.59,65.69,200.07,138.28,53.34,79.36,11.85
宜花東,2019,1,50,46594,1.07,20.43,20.23,61.94,81.85,163.54,142.04,62.97,85.26,10.28
宜花東,2019,2,134,57982,2.31,21.46,19.27,61.87,81.51,170.29,165.44,71.14,80.84,10.8
宜花東,2019,3,127,54758,2.32,19.31,13.6,58.76,72.96,220.67,191.76,90.93,77.38,9.78
宜花東,2019,4,96,45287,2.12,17.4,14.88,63.56,78.46,241.23,267.9,122.31,72.8,12.13
宜花東,2019,5,129,57013,2.26,20.15,16.73,59.79,76.5,207.09,198.98,90.26,77.31,13.07
宜花東,2019,6,14,11167,1.25,20.96,10.13,43.13,53.68,201.86,176.77,86.96,78.47,10.6
宜花東,2019,7,121,59368,2.04,21.66,13.83,49.1,62.97,188.46,146.9,64.5,79.63,9.94
宜花東,2019,8,114,57775,1.97,21.3,13.83,55.01,68.87,196.88,179.9,78.85,80.45,11.91
宜花東,2019,9,125,63367,1.97,21.87,14.0,51.91,65.57,216.63,223.95,101.21,79.06,11.66
宜花東,2019,10,131,60118,2.18,19.24,14.17,63.25,77.4,235.93,159.89,82.17,83.95,13.26
宜花東,2019,11,98,60995,1.61,20.49,11.44,56.52,68.44,277.58,265.9,125.75,72.13,12.69
宜花東,2019,12,109,53663,2.03,21.99,15.08,55.58,71.01,207.81,199.74,98.4,78.3,12.18
宜花東,2019,13,118,54958,2.15,22.42,10.7,50.23,61.45,252.13,213.4,100.86,78.42,10.33
宜花東,2019,14,82,50571,1.62,23.76,11.86,48.92,61.08,233.1,196.03,102.19,77.42,10.84
宜花東,2019,15,128,54114,2.37,23.95,10.95,43.92,54.97,248.97,194.87,89.89,77.42,10.5
宜花東,2019,16,116,54343,2.13,24.41,12.27,52.4,64.83,204.14,187.1,87.74,80.83,11.75
宜花東,2019,17,76,52003,1.46,27.42,13.11,40.01,52.57,198.31,191.59,88.46,75.57,13.56
宜花東,2019,18,107,57208,1.87,23.2,9.52,44.69,54.74,246.77,198.19,79.71,80.37,10.92
宜花東,2019,19,98,52373,1.87,24.5,13.38,46.36,59.21,210.15,147.91,66.18,81.88,10.52
宜花東,2019,20,118,54832,2.15,27.26,18.14,45.06,63.45,133.08,178.53,72.62,81.54,11.46
宜花東,2019,21,120,57484,2.09,24.61,11.44,43.68,54.99,234.33,234.38,93.04,79.73,11.64
宜花東,2019,22,85,48744,1.74,26.63,14.08,41.26,54.97,176.65,160.09,63.59,81.03,9.76
宜花東,2019,23,103,59262,1.74,28.61,19.2,38.57,57.45,102.24,162.21,57.01,77.11,10.1
宜花東,2019,24,109,56390,1.93,25.98,15.23,45.45,60.16,204.77,144.71,62.07,83.61,9.96
宜花東,2019,25,86,53951,1.59,29.26,15.13,40.35,55.21,148.82,171.57,72.41,75.86,11.81
宜花東,2019,26,90,51612,1.74,29.19,13.95,35.47,49.54,132.06,124.47,49.24,77.17,9.52
宜花東,2019,27,84,47663,1.76,29.55,14.45,37.68,52.62,137.66,166.32,58.68,75.04,12.15
宜花東,2019,28,75,42192,1.78,30.18,14.77,36.18,50.13,144.93,149.71,76.29,71.56,12.3
宜花東,2019,29,86,50886,1.69,29.41,13.68,34.97,49.82,124.67,151.85,54.84,76.84,11.41
宜花東,2019,30,76,47261,1.61,29.38,12.92,31.89,45.48,120.58,123.26,52.43,75.49,9.78
宜花東,2019,31,67,52922,1.27,29.36,15.82,27.02,42.42,107.04,101.52,48.71,73.98,10.35
宜花東,2019,32,94,53502,1.76,29.69,14.5,30.79,43.9,139.92,167.33,61.75,74.32,10.63
宜花東,2019,33,103,59317,1.74,28.19,10.84,39.17,50.53,173.65,172.53,71.33,79.66,9.84
宜花東,2019,34,78,52158,1.5,27.82,13.83,30.91,44.51,146.92,210.0,51.88,80.95,10.52
宜花東,2019,35,87,55127,1.58,28.75,17.84,29.36,46.64,97.95,116.17,48.92,76.92,10.6
宜花東,2019,36,83,49831,1.67,27.52,16.91,34.78,51.56,127.18,117.18,42.66,79.55,10.3
宜花東,2019,37,75,51345,1.46,28.52,12.06,31.74,44.1,158.41,151.58,70.2,74.61,10.28
宜花東,2019,38,109,53611,2.03,26.3,8.99,38.72,48.39,292.06,234.9,80.5,73.8,9.79
宜花東,2019,39,85,53687,1.58,26.04,13.71,39.86,52.62,182.94,147.69,67.14,78.73,11.14
宜花東,2019,40,70,50234,1.39,26.9,13.14,38.77,51.25,178.6,185.85,106.3,75.99,10.77
宜花東,2019,41,81,54499,1.49,25.81,8.38,38.3,46.78,282.09,213.85,115.67,74.95,10.26
宜花東,2019,42,109,55822,1.95,24.09,9.69,41.71,51.02,282.37,215.4,93.19,71.95,12.47
宜花東,2019,43,79,49055,1.61,24.04,9.56,43.95,53.53,261.44,189.67,100.07,74.72,10.95
宜花東,2019,44,100,59070,1.69,24.23,11.64,49.3,60.85,244.75,210.2,95.95,80.08,9.98
宜花東,2019,45,111,57337,1.94,22.36,12.62,48.06,59.47,272.12,198.29,84.74,72.16,11.71
宜花東,2019,46,95,57893,1.64,22.62,11.59,53.09,64.97,257.72,253.08,113.16,70.21,12.82
宜花東,2019,47,99,51626,1.92,22.9,14.47,48.98,63.15,199.67,167.98,64.31,77.1,10.55
宜花東,2019,48,90,54290,1.66,20.77,13.87,49.59,62.26,216.33,150.57,64.25,75.66,9.86
宜花東,2019,49,88,53901,1.63,17.26,14.88,52.0,66.57,219.76,135.49,60.98,73.94,9.61
宜花東,2019,50,130,57714,2.25,20.52,15.73,56.45,71.48,220.3,193.53,96.67,71.91,10.79
宜花東,2019,51,104,54265,1.92,21.54,18.78,57.28,76.28,159.05,119.44,59.05,80.4,10.95
宜花東,2019,52,112,59715,1.88,19.93,19.15,59.85,78.82,173.52,129.08,62.53,80.31,10.47
雲嘉南,2016,1,7,25509,0.27,20.5,35.47,119.05,153.79,144.34,485.63,265.98,84.37,20.85
雲嘉南,2016,2,363,175906,2.06,18.04,17.81,109.71,126.89,184.92,386.85,210.34,80.43,20.95
雲嘉南,2016,3,331,175473,1.89,17.83,27.21,134.38,161.61,153.27,417.0,248.1,80.47,22.09
雲嘉南,2016,4,338,164798,2.05,13.87,22.1,105.26,127.47,181.36,349.34,178.04,74.21,20.92
雲嘉南,2016,5,313,172682,1.81,16.76,21.08,107.41,128.08,164.13,289.2,140.78,83.32,14.43
雲嘉南,2016,6,493,179332,2.75,15.57,13.68,95.77,108.99,283.87,554.93,320.04,65.43,21.34
雲嘉南,2016,7,123,142057,0.87,18.66,26.04,114.12,139.95,141.21,354.57,181.14,74.81,21.06
雲嘉南,2016,8,418,182827,2.29,17.71,17.71,119.12,136.5,209.53,587.74,292.64,74.38,23.09
雲嘉南,2016,9,460,185832,2.48,18.21,18.66,116.16,134.04,245.86,580.22,282.78,71.86,23.43
雲嘉南,2016,10,437,172974,2.53,21.44,21.53,113.97,135.32,179.92,443.23,263.62,75.7,25.42
雲嘉南,2016,11,379,173151,2.19,17.41,29.1,138.01,166.75,154.09,372.67,225.25,84.86,21.32
雲嘉南,2016,12,391,175291,2.23,20.57,20.94,112.4,133.14,169.27,471.12,267.76,85.44,17.67
雲嘉南,2016,13,331,165422,2.0,18.34,13.71,112.52,126.28,317.87,538.36,322.06,67.93,22.6
雲嘉南,2016,14,386,171620,2.25,25.43,14.21,81.68,95.78,213.0,496.74,299.85,76.37,21.98
雲嘉南,2016,15,252,157605,1.6,24.87,13.95,80.06,93.83,203.24,348.95,194.64,80.52,20.42
雲嘉南,2016,16,379,179219,2.11,25.6,15.8,77.58,93.74,205.87,344.41,172.95,79.14,20.85
雲嘉南,2016,17,340,176710,1.92,27.17,14.2,69.16,83.57,180.41,307.34,151.95,76.81,20.92
雲嘉南,2016,18,301,163136,1.85,26.62,14.32,77.73,93.61,233.55,443.95,251.17,73.46,22.64
雲嘉南,2016,19,252,142078,1.77,28.61,14.2,68.44,82.91,176.44,278.78,125.39,74.57,21.11
雲嘉南,2016,20,341,165453,2.06,26.9,12.3,76.07,88.05,280.66,378.69,179.71,74.21,22.15
雲嘉南,2016,21,320,172349,1.86,27.62,13.76,72.11,85.59,206.45,340.55,170.41,80.5,20.98
雲嘉南,2016,22,296,169156,1.75,30.17,13.66,43.9,56.53,130.42,220.74,71.8,72.95,16.67
雲嘉南,2016,23,260,162680,1.6,28.98,13.14,47.69,59.91,165.8,208.38,75.52,77.49,14.73
雲嘉南,2016,24,190,135170,1.41,27.47,18.48,51.97,69.86,134.45,180.2,57.31,83.71,14.14
雲嘉南,2016,25,284,173663,1.64,29.86,16.84,52.99,69.89,137.97,226.77,81.19,74.92,20.16
雲嘉南,2016,26,231,161457,1.43,30.57,17.5,49.99,67.26,133.15,227.52,83.88,72.71,19.61
雲嘉南,2016,27,204,150701,1.35,29.93,15.39,52.62,68.52,164.42,240.98,93.48,74.51,20.05
雲嘉南,2016,28,219,158555,1.38,28.13,13.01,38.96,51.48,156.74,158.55,52.71,82.27,14.17
雲嘉南,2016,29,283,164777,1.72,29.99,15.21,42.72,58.0,125.17,217.2,84.7,74.41,15.74
雲嘉南,2016,30,248,161920,1.53,30.86,13.3,43.96,56.58,164.61,219.48,105.23,69.45,18.51
雲嘉南,2016,31,256,166906,1.53,29.87,13.66,54.72,67.08,213.48,248.52,117.2,76.4,18.77
雲嘉南,2016,32,210,159596,1.32,29.86,12.96,52.0,63.08,222.61,236.9,114.34,77.47,21.12
雲嘉南,2016,33,253,170217,1.49,28.27,14.49,56.84,70.76,167.82,195.07,79.2,81.87,16.84
雲嘉南,2016,34,212,146190,1.45,29.82,12.66,48.95,61.38,229.41,299.32,154.87,76.88,20.63
雲嘉南,2016,35,242,156585,1.55,29.2,9.37,62.69,71.12,346.09,389.43,225.74,73.59,21.24
雲嘉南,2016,36,229,150789,1.52,27.07,16.43,55.86,72.05,156.61,154.34,62.5,86.46,14.89
雲嘉南,2016,37,253,153107,1.65,28.23,16.89,51.77,69.57,158.86,213.41,84.75,79.4,20.01
雲嘉南,2016,38,184,138664,1.33,28.08,14.52,70.34,84.11,257.32,339.33,155.88,75.15,21.66
雲嘉南,2016,39,296,168579,1.76,27.97,12.95,60.92,73.7,237.54,355.21,154.78,79.64,20.74
雲嘉南,2016,40,205,148465,1.38,28.06,14.78,77.12,91.89,231.81,354.6,190.3,79.11,21.53
雲嘉南,2016,41,278,167338,1.66,26.18,16.09,76.85,92.56,163.9,267.21,110.84,83.75,17.68
雲嘉南,2016,42,272,157828,1.72,28.11,14.69,83.4,98.93,254.43,499.81,260.94,78.55,22.64
雲嘉南,2016,43,341,171705,1.99,28.78,15.59,70.38,86.49,186.91,342.34,163.84,77.2,23.32
雲嘉南,2016,44,284,168801,1.68,25.52,14.78,90.5,104.85,248.22,493.76,215.07,72.15,24.27
雲嘉南,2016,45,311,165678,1.88,24.47,15.34,98.2,114.16,239.18,438.88,210.53,72.97,21.43
雲嘉南,2016,46,298,167254,1.78,24.92,17.36,113.99,131.09,256.84,628.1,345.81,77.39,27.74
雲嘉南,2016,47,302,165114,1.83,24.42,24.73,113.48,138.26,173.88,456.04,242.19,79.65,23.63
雲嘉南,2016,48,337,174618,1.93,21.83,20.08,108.24,129.1,170.31,371.06,159.29,80.02,20.95
雲嘉南,2016,49,261,167152,1.56,22.08,18.68,116.43,134.99,193.66,525.64,248.78,76.79,24.33
雲嘉南,2016,50,301,169287,1.78,21.27,25.68,118.92,144.08,199.01,525.63,230.82,74.01,21.67
雲嘉南,2016,51,302,164911,1.83,20.78,22.04,125.83,149.2,197.04,550.46,298.11,74.88,23.61
雲嘉南,2016,52,338,176275,1.92,19.28,24.44,120.57,144.78,181.1,531.88,235.22,75.81,22.16
雲嘉南,2017,1,301,165205,1.82,21.13,25.28,105.08,130.29,201.26,603.88,322.14,82.6,21.35
雲嘉南,2017,2,324,164567,1.97,19.98,22.54,117.9,140.92,185.68,504.79,255.82,77.07,23.77
雲嘉南,2017,3,369,173495,2.13,18.46,20.89,105.2,126.61,181.5,440.51,191.43,75.01,22.33
雲嘉南,2017,4,344,174067,1.98,17.88,18.36,104.28,122.47,222.44,505.85,217.7,69.41,22.83
雲嘉南,2017,5,195,150885,1.29,19.36,15.07,79.77,94.96,208.21,487.92,198.51,75.23,20.31
雲嘉南,2017,6,395,182750,2.16,17.11,17.07,100.95,117.09,216.79,599.74,283.13,69.55,22.85
雲嘉南,2017,7,379,181920,2.08,18.37,22.01,107.29,128.83,245.2,557.03,274.38,68.54,20.94
雲嘉南,2017,8,365,170367,2.14,20.17,20.45,104.95,125.21,194.62,513.28,252.38,77.27,21.0
雲嘉南,2017,9,281,163185,1.72,18.57,14.08,105.05,118.98,266.23,546.32,266.32,68.07,24.52
雲嘉南,2017,10,346,173247,2.0,19.9,16.28,115.16,131.69,234.3,481.81,271.44,75.87,21.21
雲嘉南,2017,11,319,164493,1.94,21.41,15.25,104.72,120.33,250.24,490.02,258.13,74.22,21.52
雲嘉南,2017,12,301,162754,1.85,23.23,13.83,94.16,108.45,266.89,497.14,241.03,73.11,21.76
雲嘉南,2017,13,349,175354,1.99,21.34,14.0,103.75,115.18,300.22,549.06,272.92,68.18,21.28
雲嘉南,2017,14,228,142987,1.59,23.42,12.09,85.22,96.93,320.03,458.5,237.04,61.93,22.41
雲嘉南,2017,15,348,171378,2.03,24.65,15.9,92.3,108.78,183.19,354.0,182.29,77.54,21.44
雲嘉南,2017,16,324,169120,1.92,26.86,13.51,63.11,75.1,208.75,313.56,156.67,75.37,19.14
雲嘉南,2017,17,276,161603,1.71,23.52,13.77,93.98,106.12,306.95,447.82,234.9,73.66,22.8
雲嘉南,2017,18,298,161051,1.85,27.21,12.75,80.42,92.41,266.12,409.03,213.64,67.32,22.27
雲嘉南,2017,19,298,170192,1.75,28.69,13.39,66.03,78.33,219.4,393.25,171.45,71.03,22.21
雲嘉南,2017,20,260,158767,1.64,26.27,11.05,77.26,87.39,263.55,313.96,152.32,77.28,21.21
雲嘉南,2017,21,284,155136,1.83,27.79,12.93,70.79,82.18,240.71,315.31,139.34,74.59,21.47
雲嘉南,2017,22,201,147082,1.37,27.73,12.46,51.61,62.21,199.64,265.22,104.91,82.02,16.14
雲嘉南,2017,23,245,155156,1.58,29.39,14.72,55.17,70.18,163.55,251.14,101.33,76.76,20.28
雲嘉南,2017,24,272,159573,1.7,28.4,15.02,45.9,61.03,114.19,180.76,53.8,79.5,14.05
雲嘉南,2017,25,231,146855,1.57,29.24,16.46,48.53,65.34,103.44,176.91,65.52,74.98,16.66
雲嘉南,2017,26,271,159909,1.69,30.1,13.66,46.23,58.71,136.29,203.37,75.21,71.19,14.63
雲嘉南,2017,27,277,170878,1.62,29.17,15.93,50.44,66.41,139.02,188.22,66.44,75.74,18.08
雲嘉南,2017,28,283,168268,1.68,29.68,13.69,56.53,68.66,165.31,225.07,86.32,73.45,20.21
雲嘉南,2017,29,304,171792,1.77,29.46,12.43,61.07,72.38,226.58,305.16,144.36,74.03,20.74
雲嘉南,2017,30,283,154122,1.84,29.44,10.44,52.7,62.86,205.6,263.72,127.53,76.17,20.97
雲嘉南,2017,31,257,161004,1.6,28.44,12.61,44.05,55.71,157.47,204.36,73.71,81.77,14.0
雲嘉南,2017,32,260,151607,1.71,30.34,13.24,35.72,48.17,113.57,215.21,78.21,75.02,13.95
雲嘉南,2017,33,241,163333,1.48,30.61,13.97,43.83,57.31,128.87,187.32,79.6,70.65,15.57
雲嘉南,2017,34,219,156171,1.4,29.86,12.12,58.81,70.12,188.92,283.55,125.77,77.6,20.51
雲嘉南,2017,35,233,159872,1.46,29.14,12.81,60.68,71.91,202.5,296.48,144.26,80.53,20.43
雲嘉南,2017,36,238,159373,1.49,29.76,12.46,49.49,61.1,173.62,216.11,102.25,78.19,18.75
雲嘉南,2017,37,231,156879,1.47,29.96,13.94,64.31,77.64,223.36,326.46,138.99,72.87,20.79
雲嘉南,2017,38,246,150834,1.63,30.1,9.9,75.04,84.58,339.21,447.63,250.67,69.72,27.33
雲嘉南,2017,39,268,160212,1.67,30.11,12.9,62.04,74.11,204.12,291.48,141.82,76.36,20.8
雲嘉南,2017,40,297,172924,1.72,29.96,8.45,65.97,74.71,265.74,402.07,190.77,76.27,21.61
雲嘉南,2017,41,197,140404,1.4,28.97,13.72,75.5,89.09,217.67,414.45,160.56,78.05,20.97
雲嘉南,2017,42,310,168044,1.84,26.48,13.47,69.05,82.53,207.25,337.1,103.88,81.48,15.3
雲嘉南,2017,43,298,161845,1.84,23.71,11.39,96.09,107.32,328.69,540.6,212.81,67.98,21.57
雲嘉南,2017,44,309,169726,1.82,23.73,13.56,95.42,108.64,263.16,597.03,177.83,71.72,20.16
雲嘉南,2017,45,241,159215,1.51,24.76,12.73,97.1,110.04,215.73,552.59,223.51,81.32,20.91
雲嘉南,2017,46,300,166680,1.8,24.72,18.52,102.34,120.64,186.03,488.69,216.31,82.29,21.37
雲嘉南,2017,47,270,154372,1.75,21.64,13.48,99.85,113.13,189.78,468.59,147.18,75.79,20.91
雲嘉南,2017,48,264,161618,1.63,23.15,13.59,92.56,105.96,207.07,533.31,196.67,79.97,19.96
雲嘉南,2017,49,260,164914,1.58,18.73,16.12,110.52,126.49,189.66,497.11,202.36,76.2,20.04
雲嘉南,2017,50,327,163393,2.0,19.23,23.84,115.71,139.62,177.84,485.51,199.53,79.2,21.38
雲嘉南,2017,51,272,154074,1.77,17.45,15.16,103.73,118.95,211.33,512.96,193.8,71.42,20.51
雲嘉南,2017,52,358,169231,2.12,19.59,15.85,108.36,124.27,226.37,658.6,304.58,75.28,21.46
雲嘉南,2018,1,298,194864,1.53,19.03,22.5,110.81,133.14,157.94,456.94,212.28,84.15,19.62
雲嘉南,2018,2,368,197382,1.86,14.31,19.62,102.05,121.03,188.77,325.62,141.86,70.45,17.47
雲嘉南,2018,3,410,206006,1.99,20.13,19.76,115.99,135.84,185.76,565.62,296.34,81.24,20.95
雲嘉南,2018,4,363,194256,1.87,18.99,15.79,102.25,118.1,195.72,438.94,167.79,78.39,20.39
雲嘉南,2018,5,324,196970,1.64,14.1,16.92,97.91,115.36,177.87,311.67,163.74,80.1,14.38
雲嘉南,2018,6,374,202540,1.85,13.89,22.94,118.5,141.04,171.26,437.76,226.31,79.41,16.41
雲嘉南,2018,7,224,166575,1.34,19.38,13.05,98.76,111.65,241.62,618.83,263.98,71.76,20.37
雲嘉南,2018,8,320,192312,1.66,19.97,14.23,102.89,117.61,204.27,503.22,252.63,79.09,20.62
雲嘉南,2018,9,376,194865,1.93,22.4,21.2,104.04,125.65,201.03,587.8,291.43,77.99,21.58
雲嘉南,2018,10,358,199762,1.79,19.5,14.05,94.7,108.59,217.11,413.95,166.73,73.35,20.13
雲嘉南,2018,11,377,201828,1.87,21.99,14.52,102.6,117.14,265.51,507.94,273.79,73.36,21.99
雲嘉南,2018,12,384,202349,1.9,21.16,13.43,94.58,107.72,286.13,450.52,196.63,65.62,20.4
雲嘉南,2018,13,362,186883,1.94,23.54,10.3,81.86,92.76,290.3,556.3,265.3,72.51,18.57
雲嘉南,2018,14,266,178259,1.49,23.47,9.9,71.39,82.07,258.79,594.62,218.83,65.38,17.96
雲嘉南,2018,15,399,205536,1.94,26.03,13.42,73.36,86.57,211.13,357.12,127.59,70.66,20.45
雲嘉南,2018,16,341,191194,1.78,24.35,11.39,84.26,95.26,305.55,507.73,230.74,72.52,22.04
雲嘉南,2018,17,327,199083,1.64,26.58,12.18,77.08,88.1,284.72,462.23,217.73,73.09,24.15
雲嘉南,2018,18,280,188615,1.48,27.98,11.92,62.05,73.96,243.04,397.32,165.71,71.41,21.15
雲嘉南,2018,19,258,180527,1.43,26.87,13.25,71.36,84.08,221.13,357.92,134.05,76.34,21.29
雲嘉南,2018,20,310,197730,1.57,29.31,16.05,52.32,68.5,122.88,232.9,89.15,74.31,18.8
雲嘉南,2018,21,253,186418,1.36,29.79,13.01,55.04,67.26,185.03,298.31,133.46,70.95,20.53
雲嘉南,2018,22,258,177018,1.46,29.98,12.12,53.62,64.8,227.67,361.51,125.91,72.39,21.2
雲嘉南,2018,23,274,192659,1.42,30.2,11.29,55.65,66.55,225.65,319.45,120.93,73.45,21.29
雲嘉南,2018,24,263,192483,1.37,28.18,9.78,63.37,73.48,282.63,320.84,124.0,78.94,19.12
雲嘉南,2018,25,221,177855,1.24,27.36,16.63,48.74,65.78,121.6,197.85,57.48,85.01,14.23
雲嘉南,2018,26,253,178920,1.41,29.12,15.3,49.2,64.91,130.95,233.23,75.67,75.9,15.96
雲嘉南,2018,27,242,173160,1.4,27.97,15.74,48.72,64.54,130.07,188.63,55.77,81.9,14.47
雲嘉南,2018,28,247,178425,1.38,29.26,14.0,52.27,66.26,179.62,286.07,122.44,77.46,20.97
雲嘉南,2018,29,249,175342,1.42,29.75,11.36,46.33,57.19,214.19,278.7,124.15,76.89,18.51
雲嘉南,2018,30,208,168844,1.23,29.41,13.94,48.86,62.72,153.1,241.59,91.03,77.8,15.51
雲嘉南,2018,31,224,183965,1.22,30.02,14.14,41.54,55.28,152.81,205.52,74.22,75.63,14.75
雲嘉南,2018,32,237,178524,1.33,29.92,11.51,45.19,55.95,224.0,259.44,128.16,74.0,18.0
雲嘉南,2018,33,273,196087,1.39,28.45,13.3,49.43,62.62,167.77,178.04,61.35,81.53,15.99
雲嘉南,2018,34,207,172520,1.2,27.18,13.28,48.82,61.49,201.67,164.9,60.75,87.34,14.05
雲嘉南,2018,35,270,187154,1.44,26.43,20.54,48.04,68.15,122.33,164.65,63.4,85.14,14.09
雲嘉南,2018,36,325,194221,1.67,28.45,13.71,50.05,63.21,181.25,236.84,95.42,80.15,14.66
雲嘉南,2018,37,294,190492,1.54,28.62,14.53,68.09,82.27,214.92,353.81,154.41,80.38,21.53
雲嘉南,2018,38,250,184916,1.35,29.53,12.59,55.4,67.59,204.99,310.93,154.05,75.6,19.1
雲嘉南,2018,39,250,177971,1.4,27.51,7.18,62.5,70.0,298.74,434.47,133.84,70.45,18.65
雲嘉南,2018,40,323,186246,1.73,25.91,8.13,81.92,91.75,376.4,513.41,203.41,68.09,22.3
雲嘉南,2018,41,272,194946,1.4,25.6,13.22,84.38,96.4,263.23,392.79,176.77,77.09,21.75
雲嘉南,2018,42,290,189849,1.53,25.23,13.04,88.51,100.66,269.52,409.47,183.24,77.27,21.66
雲嘉南,2018,43,260,185812,1.4,24.88,13.21,85.88,98.5,295.42,567.61,233.9,73.27,25.81
雲嘉南,2018,44,274,189808,1.44,23.08,16.49,104.34,120.47,234.47,460.84,181.05,77.17,21.46
雲嘉南,2018,45,299,195293,1.53,25.18,17.47,91.03,108.27,229.36,583.87,307.42,82.21,21.35
雲嘉南,2018,46,257,187764,1.37,24.4,17.06,107.86,125.66,214.77,501.23,237.83,78.68,25.4
雲嘉南,2018,47,250,187385,1.33,22.95,14.92,96.17,111.34,214.68,428.18,167.85,76.81,21.34
雲嘉南,2018,48,273,184358,1.48,22.06,18.71,106.51,124.78,205.55,429.31,212.74,81.1,21.17
雲嘉南,2018,49,301,194605,1.55,23.29,21.29,101.58,122.5,180.01,450.4,170.25,76.46,21.32
雲嘉南,2018,50,302,183782,1.64,20.91,17.65,103.09,121.4,160.97,366.08,154.15,78.33,20.92
雲嘉南,2018,51,312,186155,1.68,20.89,19.17,118.97,137.26,218.13,573.36,258.66,71.8,21.0
雲嘉南,2018,52,350,196863,1.78,19.6,13.94,88.49,101.73,189.12,381.5,115.3,74.69,16.84
雲嘉南,2019,1,225,178324,1.26,20.57,20.94,106.76,128.25,157.64,383.72,167.85,81.38,19.44
雲嘉南,2019,2,314,175260,1.79,21.28,21.66,105.86,127.88,175.53,501.26,224.14,80.5,19.62
雲嘉南,2019,3,298,183911,1.62,18.52,13.37,99.99,112.55,211.83,522.92,266.47,81.39,16.43
雲嘉南,2019,4,327,193472,1.69,17.11,16.17,111.04,126.95,248.74,577.64,265.51,72.03,21.35
雲嘉南,2019,5,403,194443,2.07,20.54,18.17,109.0,126.44,223.66,536.95,266.55,74.58,20.76
雲嘉南,2019,6,52,100211,0.52,21.34,10.36,72.38,83.16,212.4,395.93,190.25,75.53,14.64
雲嘉南,2019,7,364,200133,1.82,21.98,13.88,91.89,105.76,208.38,393.07,180.41,76.85,19.88
雲嘉南,2019,8,392,203892,1.92,21.33,16.86,94.32,111.31,195.79,406.55,205.05,80.7,17.16
雲嘉南,2019,9,296,191025,1.55,22.03,12.07,82.26,94.29,252.86,460.84,239.16,78.29,16.34
雲嘉南,2019,10,329,187703,1.75,19.57,16.95,108.29,124.99,201.82,299.4,163.05,85.62,15.51
雲嘉南,2019,11,359,196931,1.82,21.83,14.53,99.44,113.83,295.07,485.32,254.46,73.32,20.71
雲嘉南,2019,12,346,201278,1.72,22.45,21.52,93.54,114.6,175.98,375.74,189.58,80.63,19.47
雲嘉南,2019,13,353,199847,1.77,23.62,12.3,75.38,87.24,259.38,353.24,165.36,77.41,20.27
雲嘉南,2019,14,231,183873,1.26,23.93,11.25,72.17,83.68,278.93,412.83,229.7,78.1,16.03
雲嘉南,2019,15,377,202105,1.87,25.32,13.21,70.21,83.14,228.2,338.97,160.33,76.26,19.84
雲嘉南,2019,16,309,191920,1.61,25.41,11.42,77.11,88.6,245.93,274.6,141.07,80.36,14.55
雲嘉南,2019,17,336,197393,1.7,27.74,13.51,57.51,70.0,197.13,279.82,134.94,75.75,14.6
雲嘉南,2019,18,225,177133,1.27,24.45,11.71,72.48,84.31,232.96,276.19,126.17,82.68,14.37
雲嘉南,2019,19,326,198443,1.64,25.09,12.82,76.83,89.14,242.26,330.68,172.57,82.62,17.76
雲嘉南,2019,20,321,191144,1.68,28.62,14.7,47.07,62.33,126.98,196.49,78.76,79.9,14.0
雲嘉南,2019,21,270,189068,1.43,26.85,10.68,71.41,82.4,289.87,378.29,185.9,77.85,21.15
雲嘉南,2019,22,270,185258,1.46,27.99,14.17,56.69,70.12,181.25,217.0,86.52,76.77,14.84
雲嘉南,2019,23,262,174271,1.5,29.29,18.13,47.23,65.05,112.38,155.28,61.7,75.75,14.0
雲嘉南,2019,24,314,186573,1.68,27.66,13.47,59.84,72.35,220.85,162.94,92.71,82.41,14.14
雲嘉南,2019,25,305,189975,1.61,29.58,16.11,45.33,61.46,114.97,137.98,51.93,75.06,13.33
雲嘉南,2019,26,260,177862,1.46,28.8,14.46,49.69,64.8,148.39,144.94,57.19,77.35,13.4
雲嘉南,2019,27,270,184047,1.47,28.66,15.86,41.1,56.78,131.14,128.46,51.77,79.66,13.97
雲嘉南,2019,28,270,192027,1.41,29.37,13.42,36.45,50.53,129.32,110.53,69.4,78.69,13.77
雲嘉南,2019,29,268,185977,1.44,29.15,13.27,47.18,59.88,173.15,157.9,91.5,80.15,13.94
雲嘉南,2019,30,244,181996,1.34,29.58,13.91,43.45,57.31,136.04,126.05,55.89,76.76,13.77
雲嘉南,2019,31,253,172876,1.46,29.08,12.33,50.34,62.85,197.1,190.25,100.45,79.46,14.24
雲嘉南,2019,32,253,180548,1.4,29.71,12.14,36.6,47.69,195.8,222.38,88.0,81.67,13.86
雲嘉南,2019,33,195,164508,1.19,27.42,11.71,42.08,53.88,186.66,103.36,49.57,87.67,12.76
雲嘉南,2019,34,230,176266,1.3,28.43,13.19,45.44,57.1,189.35,166.9,95.14,83.7,14.26
雲嘉南,2019,35,263,182748,1.44,29.1,13.88,50.68,63.95,189.52,198.02,114.63,80.53,15.99
雲嘉南,2019,36,280,183955,1.52,28.71,13.54,49.37,62.07,193.52,164.33,89.7,80.87,14.15
雲嘉南,2019,37,227,181946,1.25,29.03,8.42,53.95,63.46,261.12,264.84,157.39,78.75,15.6
雲嘉南,2019,38,303,189425,1.6,27.05,8.45,59.96,69.42,362.78,396.62,130.16,68.41,15.1
雲嘉南,2019,39,296,192216,1.54,27.65,13.65,74.28,86.67,262.79,392.9,166.2,75.44,20.48
雲嘉南,2019,40,275,175714,1.57,28.39,10.82,54.59,65.52,283.44,348.62,217.93,75.96,14.55
雲嘉南,2019,41,248,190407,1.3,27.7,9.78,64.96,74.88,315.12,417.29,193.84,74.17,19.73
雲嘉南,2019,42,317,189381,1.67,25.27,11.54,75.81,86.75,305.23,432.76,145.96,68.57,19.64
雲嘉南,2019,43,292,190941,1.53,25.47,14.09,86.35,99.86,282.34,396.78,177.51,73.49,20.53
雲嘉南,2019,44,306,195244,1.57,25.16,12.52,77.79,89.9,291.43,503.33,189.46,76.9,18.49
雲嘉南,2019,45,235,181895,1.29,23.32,13.22,86.77,99.56,292.46,422.72,161.09,70.48,18.94
雲嘉南,2019,46,303,188904,1.6,23.16,16.28,102.26,117.96,294.9,509.18,241.99,72.74,20.92
雲嘉南,2019,47,286,187938,1.52,22.77,18.43,88.91,106.9,201.33,361.36,138.44,76.37,15.25
雲嘉南,2019,48,308,191018,1.61,21.55,14.14,85.6,99.57,223.63,392.86,137.23,72.71,15.97
雲嘉南,2019,49,270,182929,1.48,16.9,15.18,88.37,104.36,210.44,243.18,107.63,73.96,14.0
雲嘉南,2019,50,304,180302,1.69,20.12,24.01,109.26,133.26,210.87,406.53,205.22,75.97,15.76
雲嘉南,2019,51,317,189266,1.67,21.18,26.03,101.79,127.51,147.35,312.23,159.01,81.05,15.42
雲嘉南,2019,52,296,190079,1.56,19.94,16.74,100.67,117.29,169.18,299.2,134.15,80.53,14.99
高屏,2016,1,9,44455,0.2,21.94,36.16,114.13,150.45,154.96,426.88,239.06,82.45,23.45
高屏,2016,2,371,215677,1.72,19.34,26.68,113.72,140.26,179.59,378.82,211.38,79.48,21.62
高屏,2016,3,375,205184,1.83,19.49,34.96,127.54,162.28,174.08,429.05,247.15,79.88,24.53
高屏,2016,4,339,208603,1.63,15.33,28.28,118.18,146.32,177.33,337.32,188.22,77.13,19.88
高屏,2016,5,371,210589,1.76,19.05,31.95,115.17,147.22,154.42,332.59,180.15,80.01,16.49
高屏,2016,6,480,216554,2.22,17.45,17.11,90.48,107.43,276.11,433.4,250.82,64.62,19.19
高屏,2016,7,95,161536,0.59,20.08,29.68,104.98,134.58,151.03,344.66,190.38,74.02,19.98
高屏,2016,8,496,221220,2.24,19.83,21.24,122.05,142.51,225.4,543.17,300.76,72.72,23.01
高屏,2016,9,415,214653,1.93,20.01,18.61,112.5,130.55,269.39,526.72,275.51,68.09,23.55
高屏,2016,10,446,214602,2.08,23.13,23.53,110.32,133.42,212.85,395.03,225.7,72.6,26.58
高屏,2016,11,411,216274,1.9,19.79,38.61,127.46,165.67,166.05,375.13,212.79,81.62,23.73
高屏,2016,12,457,213016,2.15,22.9,23.79,105.62,129.13,180.66,407.02,239.32,81.25,20.44
高屏,2016,13,342,208675,1.64,19.68,18.47,109.69,128.05,298.81,421.95,236.26,69.69,23.61
高屏,2016,14,461,217459,2.12,26.08,15.66,80.77,96.86,207.41,392.32,218.89,73.8,25.57
高屏,2016,15,287,196457,1.46,25.99,18.65,82.36,100.63,203.84,255.55,128.11,76.81,24.89
高屏,2016,16,438,220885,1.98,27.09,21.5,72.05,93.31,194.86,288.12,142.25,74.68,22.62
高屏,2016,17,343,208256,1.65,27.85,16.41,64.93,81.39,172.05,244.38,112.32,73.79,22.64
高屏,2016,18,411,219917,1.87,27.67,15.79,65.99,82.58,255.95,382.73,203.14,69.88,24.25
高屏,2016,19,366,209387,1.75,28.79,17.57,57.56,75.5,156.01,214.21,76.36,73.79,22.85
高屏,2016,20,390,213952,1.82,27.83,14.14,70.28,84.14,288.06,303.69,138.09,72.79,22.72
高屏,2016,21,366,212530,1.72,27.91,13.94,62.82,76.4,208.68,239.91,106.32,78.62,21.24
高屏,2016,22,344,202398,1.7,30.42,17.39,45.49,62.72,131.44,193.83,61.82,72.52,20.52
高屏,2016,23,299,198897,1.5,29.14,16.33,48.22,63.9,151.33,190.95,62.86,77.48,17.21
高屏,2016,24,255,202074,1.26,27.27,24.39,52.85,76.42,130.01,180.03,50.6,85.3,18.09
高屏,2016,25,356,218625,1.63,30.0,21.4,45.65,66.43,124.32,189.98,59.11,73.25,21.0
高屏,2016,26,363,214659,1.69,30.8,20.54,38.21,58.35,111.28,202.5,49.38,71.2,20.82
高屏,2016,27,288,192817,1.49,30.43,15.95,48.24,64.85,165.25,229.09,74.57,72.05,23.35
高屏,2016,28,261,199565,1.31,28.01,15.34,41.18,56.7,162.48,199.21,49.3,84.52,17.95
高屏,2016,29,300,190643,1.57,29.75,17.87,44.35,62.02,123.05,219.21,74.69,74.76,19.34
高屏,2016,30,319,198709,1.61,30.36,16.49,50.58,67.25,167.76,205.59,86.49,71.49,22.48
高屏,2016,31,299,210133,1.42,29.29,15.06,49.5,64.66,183.74,216.96,87.57,75.81,19.36
高屏,2016,32,271,205026,1.32,29.2,14.16,54.03,68.26,224.08,208.82,84.24,78.58,19.74
高屏,2016,33,318,212668,1.5,27.3,17.05,51.59,68.94,150.61,160.9,41.82,85.22,19.36
高屏,2016,34,310,203048,1.53,29.11,16.65,56.6,73.43,209.24,263.29,116.67,77.8,19.92
高屏,2016,35,310,210843,1.47,28.73,14.62,63.32,77.0,324.17,319.65,163.03,76.19,20.66
高屏,2016,36,298,208498,1.43,27.01,22.36,61.86,84.0,152.66,139.66,45.83,87.4,16.65
高屏,2016,37,357,212529,1.68,28.92,19.72,47.4,66.95,154.48,188.48,67.41,79.86,17.61
高屏,2016,38,243,198063,1.23,28.5,15.72,64.89,80.53,265.38,295.72,127.7,77.4,20.7
高屏,2016,39,326,203601,1.6,28.32,14.02,60.83,73.25,305.73,351.62,165.69,79.85,21.62
高屏,2016,40,263,202406,1.3,27.8,18.27,76.32,94.85,225.87,291.17,132.72,80.74,24.11
高屏,2016,41,344,210982,1.63,26.54,22.85,71.79,94.31,159.4,254.71,92.56,85.68,18.29
高屏,2016,42,325,202965,1.6,28.19,20.0,83.68,103.6,256.11,451.03,215.48,78.21,24.63
高屏,2016,43,345,200178,1.72,28.91,16.65,67.61,84.64,191.13,305.21,120.16,76.9,23.95
高屏,2016,44,340,206475,1.65,26.67,16.75,96.32,112.5,290.15,488.9,226.39,73.47,26.56
高屏,2016,45,323,204328,1.58,25.2,15.75,94.69,109.95,275.35,416.41,198.83,71.77,22.48
高屏,2016,46,377,206438,1.83,25.75,15.42,105.48,121.33,322.28,548.15,301.18,75.69,28.62
高屏,2016,47,343,204703,1.68,25.53,26.21,116.41,142.63,208.32,463.85,252.66,77.97,25.29
高屏,2016,48,334,210726,1.58,22.95,23.45,107.79,131.52,192.57,362.74,169.14,80.25,20.04
高屏,2016,49,368,210003,1.75,23.59,23.35,126.48,149.91,223.76,581.74,288.77,77.02,25.01
高屏,2016,50,367,197244,1.86,22.51,20.8,119.26,140.32,242.75,494.85,234.33,72.99,25.27
高屏,2016,51,377,207650,1.82,21.82,22.38,129.29,151.97,231.68,507.89,276.21,72.71,26.28
高屏,2016,52,353,214629,1.64,20.66,28.2,120.58,149.19,195.12,489.36,240.29,76.36,21.82
高屏,2017,1,391,220840,1.77,22.32,22.06,110.03,132.32,229.9,536.87,290.09,77.8,21.48
高屏,2017,2,362,206786,1.75,21.74,23.55,125.28,148.4,232.26,548.99,282.43,75.75,25.09
高屏,2017,3,409,210464,1.94,20.25,21.44,120.91,142.59,208.66,474.92,230.2,73.73,22.32
高屏,2017,4,344,206890,1.66,19.5,19.78,120.22,139.68,249.11,536.21,245.34,69.38,24.47
高屏,2017,5,253,198079,1.28,20.81,15.1,102.55,117.56,228.85,495.3,228.83,73.21,23.87
高屏,2017,6,388,209322,1.85,18.74,20.52,115.79,135.75,223.54,592.17,291.55,70.44,23.67
高屏,2017,7,356,204531,1.74,19.85,19.8,112.86,132.84,275.31,478.75,239.2,66.43,23.79
高屏,2017,8,429,208649,2.06,22.72,22.2,109.57,131.6,210.7,482.3,228.23,74.83,23.51
高屏,2017,9,305,204360,1.49,20.65,14.3,107.09,120.75,297.69,546.7,269.77,66.62,25.65
高屏,2017,10,426,218403,1.95,21.64,22.3,116.21,138.01,230.62,466.75,254.95,74.99,21.84
高屏,2017,11,359,209872,1.71,22.83,17.49,98.22,115.53,276.65,458.79,238.16,74.61,24.61
高屏,2017,12,366,211441,1.73,24.81,14.14,85.7,99.48,292.03,447.38,207.77,72.43,23.95
高屏,2017,13,366,202336,1.81,22.07,12.9,91.72,104.2,307.62,441.4,207.47,69.55,21.44
高屏,2017,14,313,197406,1.59,23.95,11.29,76.08,87.05,327.6,398.68,186.75,63.3,20.38
高屏,2017,15,398,207538,1.92,25.54,20.5,84.24,104.72,184.05,301.74,145.98,77.69,21.34
高屏,2017,16,367,210804,1.74,27.1,14.9,62.36,77.26,180.62,266.32,116.93,75.6,19.96
高屏,2017,17,345,202413,1.7,24.45,12.78,86.97,98.6,313.78,369.5,183.56,75.53,23.73
高屏,2017,18,335,192261,1.74,27.61,11.81,71.16,82.15,286.44,366.23,179.75,68.48,24.73
高屏,2017,19,322,204281,1.58,28.89,14.7,59.51,73.69,213.07,306.15,131.03,68.71,24.19
高屏,2017,20,315,199494,1.58,26.72,12.98,72.49,85.1,264.36,282.07,131.86,76.65,20.8
高屏,2017,21,366,206429,1.77,27.82,12.07,60.95,72.85,238.82,244.38,104.76,77.98,19.56
高屏,2017,22,304,194021,1.57,28.0,13.96,49.86,63.22,204.77,253.62,101.35,82.0,20.94
高屏,2017,23,392,214949,1.82,29.31,16.67,48.58,65.39,132.98,203.06,70.5,77.7,19.23
高屏,2017,24,352,204954,1.72,28.43,18.35,41.98,60.11,108.13,183.48,57.08,81.32,16.07
高屏,2017,25,334,204794,1.63,29.5,18.93,44.91,63.44,110.11,171.45,66.67,74.48,18.85
高屏,2017,26,372,212050,1.75,29.89,16.15,47.15,63.52,130.85,202.8,74.79,72.75,19.19
高屏,2017,27,324,197147,1.64,29.56,17.91,43.89,61.58,121.57,180.58,65.65,74.05,19.38
高屏,2017,28,342,207078,1.65,29.94,14.82,49.2,64.36,147.22,194.8,75.7,72.38,19.54
高屏,2017,29,360,205090,1.76,29.51,13.26,60.47,73.41,216.74,258.84,132.44,75.11,21.58
高屏,2017,30,367,203953,1.8,29.05,13.78,51.79,65.01,171.35,224.9,103.56,78.7,19.21
高屏,2017,31,321,198632,1.62,28.35,14.22,49.36,63.34,159.4,218.85,82.96,84.78,17.55
高屏,2017,32,348,204247,1.7,30.19,14.1,38.33,51.79,115.95,213.25,82.05,77.81,16.07
高屏,2017,33,350,210043,1.67,30.74,12.7,48.3,60.25,152.09,201.26,93.71,73.73,19.52
高屏,2017,34,340,206659,1.65,29.23,12.62,58.35,70.62,171.51,238.74,108.79,78.77,22.4
高屏,2017,35,325,198358,1.64,28.56,13.6,58.47,71.46,165.15,234.09,105.94,81.38,20.42
高屏,2017,36,355,199079,1.78,29.63,12.05,44.89,56.54,162.6,212.93,89.21,78.91,20.36
高屏,2017,37,367,207163,1.77,30.06,10.83,57.6,67.97,241.05,290.63,133.56,75.24,21.14
高屏,2017,38,304,196871,1.54,29.7,7.88,67.43,76.04,313.78,374.85,210.12,74.51,26.94
高屏,2017,39,299,204009,1.47,30.12,12.23,57.46,68.92,203.7,271.15,133.94,77.62,24.43
高屏,2017,40,328,199716,1.64,29.76,8.28,67.29,75.64,275.65,377.46,187.52,78.54,24.93
高屏,2017,41,272,195056,1.39,28.85,14.38,70.86,84.64,199.23,332.81,141.72,81.65,22.58
高屏,2017,42,333,205072,1.62,27.43,14.1,69.86,82.92,225.7,349.46,132.08,81.59,18.91
高屏,2017,43,344,197326,1.74,25.2,10.81,90.28,101.01,345.79,518.08,212.51,70.08,23.51
高屏,2017,44,381,211342,1.8,25.01,11.31,98.58,109.59,291.77,525.84,193.31,71.9,23.35
高屏,2017,45,332,209868,1.58,25.73,14.48,103.5,117.32,230.26,551.9,261.63,81.64,22.81
高屏,2017,46,366,201508,1.82,26.08,17.99,99.42,117.32,211.54,470.34,234.05,81.1,22.44
高屏,2017,47,357,213053,1.68,23.44,16.79,112.86,129.31,214.27,519.85,207.11,75.48,22.22
高屏,2017,48,339,206361,1.64,24.57,15.62,106.89,122.37,218.12,537.01,235.73,78.61,21.42
高屏,2017,49,413,209020,1.98,20.85,17.13,119.1,136.11,196.24,515.11,235.05,74.36,20.74
高屏,2017,50,401,208900,1.92,20.79,20.84,118.28,139.06,194.4,495.01,225.7,76.99,21.98
高屏,2017,51,359,202576,1.77,19.41,15.77,111.12,127.18,215.98,458.77,199.65,70.51,21.56
高屏,2017,52,371,203225,1.83,21.27,13.56,103.84,117.03,246.58,585.53,296.15,75.42,21.36
高屏,2018,1,315,241103,1.31,20.65,25.97,113.56,139.9,190.36,480.87,248.43,81.58,19.7
高屏,2018,2,413,227052,1.82,16.58,20.8,107.45,128.21,188.22,345.99,153.4,72.16,18.23
高屏,2018,3,404,240137,1.68,21.91,21.96,125.06,147.04,212.77,559.24,305.29,76.96,22.62
高屏,2018,4,407,247039,1.65,21.36,17.45,110.3,128.13,222.74,517.44,226.05,75.07,19.94
高屏,2018,5,381,240862,1.58,16.62,21.6,109.11,130.59,167.42,372.6,199.19,77.99,16.27
高屏,2018,6,435,244716,1.78,16.04,24.09,114.49,138.4,167.36,401.45,224.3,77.24,14.2
高屏,2018,7,281,226332,1.24,21.02,14.94,89.6,104.88,228.37,489.66,203.5,71.83,18.41
高屏,2018,8,395,238176,1.66,22.54,16.61,98.08,114.45,217.66,462.32,235.09,73.94,19.78
高屏,2018,9,415,243244,1.71,24.44,18.61,92.04,110.36,212.59,446.03,206.35,73.62,21.78
高屏,2018,10,400,246690,1.62,21.54,15.62,93.75,109.67,221.21,425.56,184.61,72.68,21.12
高屏,2018,11,452,246560,1.83,23.34,13.8,93.95,107.03,305.17,434.26,215.19,68.38,21.58
高屏,2018,12,430,239964,1.79,22.27,11.81,83.48,95.17,311.45,404.07,165.89,64.75,19.8
高屏,2018,13,391,227059,1.72,24.05,8.77,75.82,84.94,313.09,438.09,208.42,67.85,19.84
高屏,2018,14,308,218114,1.41,23.94,8.52,67.81,76.36,269.03,474.05,175.88,67.52,19.74
高屏,2018,15,447,244114,1.83,26.8,13.7,68.6,81.69,202.72,304.69,100.65,70.13,21.22
高屏,2018,16,410,241907,1.69,25.93,8.34,79.35,88.09,325.71,429.79,187.54,68.3,24.19
高屏,2018,17,366,237182,1.54,26.8,8.75,64.14,72.85,285.32,364.3,153.06,75.76,20.36
高屏,2018,18,340,230177,1.48,28.34,10.75,59.17,69.48,233.59,329.42,123.27,71.36,20.76
高屏,2018,19,360,233068,1.54,26.98,10.59,58.35,68.3,233.87,282.63,99.42,77.4,20.18
高屏,2018,20,370,237035,1.56,29.64,15.24,50.44,66.31,134.87,215.82,74.29,73.46,21.88
高屏,2018,21,326,234696,1.39,30.08,11.15,51.41,62.38,183.18,254.55,97.9,70.32,18.95
高屏,2018,22,345,231588,1.49,30.26,10.53,51.73,62.14,212.41,251.08,96.64,72.22,21.0
高屏,2018,23,326,238581,1.37,30.19,8.77,51.67,60.75,207.31,248.37,87.69,73.48,19.96
高屏,2018,24,346,238818,1.45,28.0,8.22,53.11,61.34,278.52,254.13,84.56,82.42,17.73
高屏,2018,25,300,220854,1.36,27.68,18.89,51.35,70.22,122.75,162.74,52.49,87.18,16.47
高屏,2018,26,365,236909,1.54,29.07,13.6,47.32,60.63,133.24,176.58,64.04,79.23,16.53
高屏,2018,27,303,214420,1.41,27.24,20.32,54.84,75.07,122.57,158.49,49.26,87.0,14.68
高屏,2018,28,331,228991,1.45,29.19,10.97,50.48,61.3,173.34,215.38,83.3,78.08,19.96
高屏,2018,29,348,225882,1.54,29.16,9.83,46.15,56.7,181.56,221.95,87.21,80.33,17.67
高屏,2018,30,322,226695,1.42,28.86,12.7,49.92,62.7,154.9,200.47,77.44,82.12,17.29
高屏,2018,31,322,225103,1.43,29.72,14.24,46.57,60.57,141.58,185.95,68.4,78.89,14.68
高屏,2018,32,392,249534,1.57,29.11,9.59,45.67,55.5,202.32,189.08,79.27,79.05,15.99
高屏,2018,33,325,233204,1.39,27.53,13.68,52.41,65.31,166.76,142.21,48.56,88.05,16.05
高屏,2018,34,285,224162,1.27,26.91,11.87,48.1,59.71,202.68,136.01,55.2,90.24,16.07
高屏,2018,35,320,226876,1.41,26.57,24.75,47.82,72.27,123.57,141.97,56.38,88.29,16.67
高屏,2018,36,378,239038,1.58,28.21,12.07,48.46,60.81,165.09,186.95,79.87,83.05,15.44
高屏,2018,37,368,239159,1.54,28.61,12.84,59.65,71.91,184.35,254.11,109.69,82.34,18.45
高屏,2018,38,386,238739,1.62,29.34,10.35,54.64,65.33,203.78,263.81,128.49,78.43,19.84
高屏,2018,39,266,208995,1.27,27.91,7.92,59.99,68.96,285.94,362.17,129.17,75.63,18.83
高屏,2018,40,397,247488,1.6,26.76,7.36,70.12,77.8,389.05,440.92,179.01,71.52,21.98
高屏,2018,41,307,230866,1.33,26.54,9.99,73.83,84.36,290.15,350.68,177.77,79.46,21.34
高屏,2018,42,391,231748,1.69,26.49,8.93,77.34,86.91,306.05,387.09,180.28,78.14,21.0
高屏,2018,43,291,222393,1.31,25.96,9.03,77.68,86.69,313.74,471.81,208.44,74.81,22.81
高屏,2018,44,366,226712,1.61,24.62,17.63,110.72,128.33,244.4,461.76,197.85,77.09,21.5
高屏,2018,45,355,232464,1.53,26.26,12.01,83.38,95.45,248.51,457.75,233.21,78.99,21.64
高屏,2018,46,353,230214,1.53,25.83,12.54,91.9,104.44,287.94,465.67,248.13,77.11,24.57
高屏,2018,47,301,217409,1.38,24.25,13.7,96.66,110.09,253.24,397.34,176.85,75.39,20.64
高屏,2018,48,363,237390,1.53,23.83,16.93,101.79,118.88,228.41,368.01,185.77,77.48,21.18
高屏,2018,49,377,238034,1.58,24.84,15.56,104.54,120.56,230.54,434.1,189.54,75.88,22.52
高屏,2018,50,409,243555,1.68,22.79,20.48,112.64,133.06,207.37,420.4,203.52,77.43,21.06
高屏,2018,51,377,235210,1.6,22.24,15.99,112.84,129.11,261.01,509.25,244.32,72.81,20.78
高屏,2018,52,400,234065,1.71,21.66,14.48,102.31,117.26,206.35,409.73,166.13,74.43,18.55
高屏,2019,1,232,216994,1.07,22.31,24.15,116.21,140.28,176.99,413.52,205.37,80.08,18.83
高屏,2019,2,391,234318,1.67,23.74,19.48,111.12,130.53,224.76,503.94,237.88,78.17,20.06
高屏,2019,3,361,228317,1.58,20.71,15.83,104.7,120.74,210.8,460.21,245.12,79.0,16.91
高屏,2019,4,393,240852,1.63,19.1,18.59,114.69,133.46,254.91,542.65,263.15,71.05,17.81
高屏,2019,5,537,249787,2.15,22.52,16.85,103.62,120.18,265.06,437.01,204.04,71.43,17.99
高屏,2019,6,63,129190,0.49,22.89,10.79,72.85,83.68,237.7,350.62,172.07,72.69,15.85
高屏,2019,7,454,250080,1.82,23.78,13.76,84.26,97.86,226.49,364.52,164.51,73.17,16.61
高屏,2019,8,400,227938,1.75,23.8,14.82,78.34,93.07,206.05,304.29,143.63,74.13,14.74
高屏,2019,9,346,241754,1.43,23.76,12.5,79.21,91.1,266.18,379.5,197.08,73.48,16.75
高屏,2019,10,364,237936,1.53,21.97,16.53,94.97,111.84,205.31,273.56,143.83,80.21,14.96
高屏,2019,11,414,233111,1.78,23.07,13.12,90.46,103.25,320.23,419.94,218.66,69.51,17.41
高屏,2019,12,427,238886,1.79,24.08,17.31,88.73,105.96,196.3,335.6,176.14,76.64,15.89
高屏,2019,13,434,232136,1.87,24.96,12.84,73.61,85.72,261.59,315.08,147.2,74.4,16.85
高屏,2019,14,313,234171,1.34,25.56,8.97,70.34,80.09,315.06,372.0,210.68,73.28,16.35
高屏,2019,15,469,251020,1.87,26.68,13.86,66.31,79.81,248.05,309.04,151.23,72.97,17.61
高屏,2019,16,411,236421,1.74,26.09,12.76,74.31,86.33,250.17,224.32,119.44,77.96,16.43
高屏,2019,17,384,240293,1.6,28.3,14.64,54.6,69.36,185.89,226.85,109.89,73.91,14.96
高屏,2019,18,368,237863,1.55,24.91,10.15,64.0,73.91,248.35,218.26,103.64,82.47,13.78
高屏,2019,19,368,240130,1.53,26.67,12.19,71.75,83.1,259.72,295.6,154.96,78.99,15.74
高屏,2019,20,409,242081,1.69,28.69,13.8,46.45,60.57,135.97,190.36,73.37,79.53,14.32
高屏,2019,21,382,236256,1.62,26.77,8.87,60.01,69.7,289.59,263.31,123.83,79.3,16.51
高屏,2019,22,341,226177,1.51,28.72,13.3,48.98,61.78,181.72,175.0,80.25,77.12,14.18
高屏,2019,23,324,233590,1.39,29.41,18.03,44.91,62.54,113.79,142.19,62.24,75.82,15.3
高屏,2019,24,406,234788,1.73,28.36,13.72,51.09,64.04,178.41,142.81,66.25,81.64,14.52
高屏,2019,25,382,237013,1.61,29.94,16.13,44.75,61.52,122.67,138.68,58.03,74.5,14.78
高屏,2019,26,321,243148,1.32,28.72,14.36,48.16,62.94,146.14,153.34,52.55,80.81,14.96
高屏,2019,27,337,233700,1.44,28.0,20.36,46.55,66.41,121.23,143.61,52.71,83.92,13.96
高屏,2019,28,373,243978,1.53,28.87,15.95,39.57,55.88,126.62,130.49,68.23,81.63,12.86
高屏,2019,29,364,242389,1.5,28.55,14.14,47.98,61.56,167.8,165.03,79.89,81.9,13.9
高屏,2019,30,332,231317,1.44,29.51,14.22,42.2,55.72,138.4,123.39,58.51,77.45,13.76
高屏,2019,31,314,223130,1.41,28.93,12.4,48.22,59.91,175.26,162.16,82.56,79.13,14.18
高屏,2019,32,384,238877,1.61,29.4,11.69,39.73,50.89,187.92,195.98,78.48,82.13,13.7
高屏,2019,33,334,226944,1.47,26.91,13.98,52.21,65.69,162.14,115.61,53.49,89.58,13.24
高屏,2019,34,310,222277,1.39,28.21,12.6,42.26,54.56,181.72,141.75,75.01,84.13,16.35
高屏,2019,35,335,236520,1.42,29.07,13.98,50.38,64.12,171.57,178.13,97.7,80.51,15.24
高屏,2019,36,385,238572,1.61,28.17,13.52,45.33,58.73,175.54,133.56,65.79,83.25,14.3
高屏,2019,37,316,230399,1.37,28.7,7.92,49.98,58.99,244.76,206.27,127.4,79.72,15.7
高屏,2019,38,377,237124,1.59,27.67,8.14,55.9,65.47,342.68,328.9,138.66,72.6,17.19
高屏,2019,39,365,232879,1.57,27.9,9.03,62.34,71.85,327.09,344.44,187.42,75.07,18.97
高屏,2019,40,400,218280,1.83,28.06,9.45,53.65,63.5,280.34,295.6,189.3,77.01,14.16
高屏,2019,41,320,235954,1.36,27.47,9.51,50.7,60.13,318.89,290.15,164.51,77.84,14.44
高屏,2019,42,373,227001,1.64,26.53,12.84,68.23,80.35,325.75,369.05,157.61,71.81,17.59
高屏,2019,43,377,232652,1.62,26.15,11.45,69.3,80.19,329.16,331.31,172.71,74.44,18.87
高屏,2019,44,377,228204,1.65,26.05,12.66,81.21,93.65,297.73,438.99,204.02,77.55,18.85
高屏,2019,45,333,219294,1.52,24.15,12.58,84.08,96.38,304.25,398.68,177.31,73.57,18.27
高屏,2019,46,359,238323,1.51,24.23,13.02,84.12,96.52,324.67,404.76,203.72,71.21,18.41
高屏,2019,47,371,226941,1.63,24.2,16.23,95.03,111.3,241.29,352.73,163.07,75.61,17.93
高屏,2019,48,369,231262,1.6,22.64,14.62,92.02,106.89,246.34,371.92,159.8,75.25,17.47
高屏,2019,49,383,234789,1.63,18.13,17.29,91.02,108.19,192.15,248.05,124.94,77.32,13.74
高屏,2019,50,356,224245,1.59,21.47,16.53,98.84,115.73,253.79,337.1,172.39,71.75,16.33
高屏,2019,51,364,232321,1.57,22.68,22.2,100.27,123.27,180.07,318.05,169.2,78.34,16.47
高屏,2019,52,403,232244,1.74,21.74,22.6,107.43,129.83,170.49,320.36,162.12,79.58,14.96
