日期,南投,線西,二林,大里,西屯,埔里,竹山,彰化,沙鹿,豐原,忠明,觀音,菜寮,中壢,新莊,新店,古亭,松山,陽明,板橋,永和,三重,土城,大園,士林,萬里,大同,平鎮,桃園,富貴角,林口,萬華,基隆,汐止,淡水,中山,龍潭,湖口,頭份,新竹,竹東,三義,苗栗,宜蘭,冬山,臺東,花蓮,關山,美濃,左營,前鎮,復興,橋頭,前金,楠梓,恆春,鳳山,潮州,大寮,屏東,林園,仁武,小港,麥寮,新港,崙背,朴子,安南,善化,新營,斗六,臺南,嘉義,臺西
2017-01-01,17.9,15.27,12.4,24.41,21.89,13.19,14.43,19.4,18.13,13.96,23.98,12.23,21.4,28.5,20.78,18.14,23.07,24.11,2.58,24.18,24.7,38.67,20.07,17.44,14.53,8.08,31.95,19.53,20.67,NaN,16.19,25.42,14.11,22.03,12.49,27.55,16.49,13.92,16.54,19.13,12.21,10.27,16.57,8.69,10.81,5.9,6.74,3.96,10.21,19.91,27.2,28.83,19.37,19.1,21.79,1.39,25.78,14.71,23.1,18.46,20.05,16.61,31.44,9.66,12.27,11.72,10.8,16.05,14.97,17.09,17.56,20.74,17.22,8.86
2017-01-08,22.07,16.51,14.52,22.96,14.23,15.96,19.1,17.18,13.78,12.22,18.68,11.19,16.16,25.17,16.86,14.47,17.73,19.58,2.17,20.0,16.93,35.63,15.07,15.58,10.99,4.44,29.17,16.69,16.14,NaN,12.31,22.69,7.33,15.25,7.19,23.63,13.58,9.53,16.48,15.84,10.84,10.37,16.13,7.67,10.18,6.36,9.2,5.42,12.01,22.3,28.31,29.9,22.33,22.05,21.76,1.88,28.29,16.79,26.25,21.06,23.51,25.84,33.76,12.52,13.23,14.87,13.08,17.07,17.85,18.24,19.25,21.05,19.53,9.16
2017-01-15,19.12,12.19,11.81,20.14,11.93,13.2,17.8,14.89,11.51,9.07,16.76,8.97,17.43,24.46,16.55,15.31,19.43,21.06,1.88,19.28,20.3,36.58,16.19,16.01,10.95,4.76,28.79,16.18,14.72,NaN,11.93,23.56,10.39,17.55,6.84,24.97,13.06,8.81,15.23,13.94,10.33,7.97,13.37,7.7,9.24,5.62,8.82,4.91,11.16,23.88,26.61,28.62,21.18,21.74,21.03,1.28,26.25,18.02,24.34,18.92,25.56,27.28,31.13,10.21,10.99,12.14,11.87,15.32,17.3,16.34,16.31,18.45,17.57,7.43
2017-01-22,18.96,13.84,12.78,20.83,12.49,15.91,17.27,15.61,11.79,9.57,17.01,9.69,15.03,21.72,14.71,11.43,14.72,16.83,1.73,17.51,14.73,38.57,12.39,14.15,7.72,3.55,27.9,12.02,12.66,NaN,8.92,20.39,8.58,15.28,5.45,21.99,9.87,8.13,14.18,11.44,7.44,6.39,13.93,6.18,7.1,5.91,9.06,4.8,12.07,23.23,26.09,28.45,20.46,22.2,19.96,1.06,29.05,17.28,24.43,19.96,23.73,26.26,29.76,9.54,11.91,13.55,12.14,14.6,16.07,16.84,15.45,17.55,17.53,6.77
2017-01-29,15.37,9.37,9.6,16.2,9.99,12.63,13.94,11.98,8.46,8.07,13.69,8.14,15.64,20.42,15.5,12.53,16.53,19.06,2.17,17.36,17.34,32.76,14.83,13.43,11.67,5.95,25.41,12.2,14.24,NaN,10.95,20.44,10.79,16.71,9.13,22.66,9.79,8.01,10.95,19.5,7.66,6.59,9.88,6.1,5.24,5.67,5.72,3.72,9.3,18.65,23.06,25.0,16.35,17.94,15.61,0.91,23.67,16.51,21.91,17.35,21.45,20.55,27.88,7.43,8.8,9.53,9.12,11.18,11.76,12.8,11.98,14.44,12.61,6.09
2017-02-05,18.73,12.39,11.67,19.46,11.38,12.9,16.17,14.52,11.34,9.17,16.04,9.54,13.58,23.82,12.98,12.85,16.03,16.22,2.77,15.41,18.03,38.41,12.73,13.26,8.59,4.52,24.01,13.24,12.62,NaN,8.34,19.31,8.82,14.22,6.79,21.12,10.66,8.35,14.33,13.69,8.57,7.94,12.34,5.97,8.52,5.85,7.4,4.52,10.62,22.72,25.66,26.38,20.18,21.61,19.88,1.57,25.84,17.56,22.88,18.2,23.56,25.11,29.77,10.3,10.82,11.8,10.9,14.45,15.25,15.74,16.64,17.16,17.19,7.49
2017-02-12,19.11,18.02,14.1,26.55,20.26,14.69,15.06,20.77,17.41,15.86,23.97,16.48,21.96,29.77,23.36,13.7,18.67,24.83,2.55,25.2,21.29,43.43,18.11,17.95,15.1,5.39,37.15,17.06,20.05,3.64,16.48,25.96,13.64,23.06,12.82,28.55,13.64,14.3,15.64,17.5,10.48,8.95,17.1,7.31,8.76,5.52,8.89,4.18,9.0,22.73,29.28,31.26,21.04,22.16,21.6,0.97,25.35,13.93,24.06,18.32,18.86,27.97,33.34,10.88,12.5,13.52,11.41,16.74,14.96,16.75,16.58,19.7,17.72,9.16
2017-02-19,18.52,15.62,12.27,22.79,17.76,14.36,17.32,17.41,15.62,12.69,21.37,12.09,23.79,29.49,25.2,19.14,23.72,22.39,2.9,26.25,24.33,40.78,21.89,15.92,18.3,6.25,33.92,19.96,19.65,4.4,14.98,28.03,12.03,18.7,10.45,29.6,16.89,11.31,15.39,17.29,13.82,11.89,15.46,8.72,10.32,5.61,10.47,4.75,10.93,20.78,23.73,25.27,19.0,20.02,19.46,1.3,23.53,16.54,22.64,17.98,18.29,23.41,27.07,11.81,12.54,13.8,11.3,15.68,14.68,16.18,15.54,17.55,17.54,10.5
2017-02-26,20.62,16.72,12.95,25.12,16.11,13.36,18.48,18.3,14.6,11.7,20.81,17.83,23.1,35.02,23.16,18.3,23.97,24.18,2.57,26.45,24.99,45.06,21.91,20.97,15.59,5.7,37.27,21.27,20.6,3.21,17.12,28.41,12.36,20.19,12.58,30.11,16.81,14.77,18.16,19.86,12.97,8.66,17.11,7.45,9.45,5.63,9.29,5.04,10.94,20.56,23.64,26.31,18.89,19.04,18.92,1.51,23.51,15.92,20.34,15.88,20.29,23.3,26.35,11.71,11.33,12.81,10.67,15.0,15.18,16.0,16.74,17.82,19.25,9.07
2017-03-05,21.01,17.91,14.39,24.19,20.28,14.32,18.37,19.19,18.32,13.19,23.47,17.92,24.77,34.01,23.79,19.04,25.18,27.8,3.38,28.55,25.89,46.35,20.85,20.95,16.41,8.01,44.98,19.41,20.34,4.52,18.2,29.98,17.32,23.56,14.69,31.43,17.76,14.44,18.97,21.01,13.2,11.67,17.35,9.15,11.4,6.32,12.31,5.11,12.65,24.49,25.79,27.87,20.65,22.44,21.77,2.0,24.38,14.28,23.55,18.51,20.73,25.01,28.65,13.53,13.53,15.08,13.17,17.88,16.04,16.97,16.18,19.53,20.02,11.46
2017-03-12,20.31,14.75,13.04,22.67,16.89,11.88,18.07,17.65,14.86,14.29,19.15,9.94,19.96,29.21,21.49,17.37,22.12,22.44,1.99,23.66,24.28,42.76,19.9,12.85,14.74,5.92,35.62,18.62,16.94,2.43,10.82,26.27,13.36,19.1,8.53,26.76,16.79,9.43,16.57,15.87,15.08,10.83,15.49,8.29,10.25,5.9,8.39,3.52,11.4,15.96,23.35,25.69,17.35,16.81,17.25,1.55,22.41,11.62,18.51,16.29,15.41,21.27,26.72,11.9,11.88,13.05,10.85,15.32,14.29,15.54,16.62,18.23,19.96,9.5
2017-03-19,18.4,14.27,13.32,21.25,17.28,10.76,16.3,16.94,14.79,13.94,19.53,10.77,19.91,30.44,19.47,17.04,22.19,22.23,2.1,23.59,23.86,41.62,19.67,14.51,15.29,5.93,34.44,18.76,18.85,2.81,13.15,25.53,14.58,18.11,11.02,26.45,15.91,10.54,14.33,15.28,13.89,10.5,14.55,6.98,10.22,6.11,7.01,4.07,9.22,11.87,19.8,21.81,16.2,14.9,16.02,1.6,20.28,9.69,18.0,14.35,13.44,16.82,24.48,9.39,11.58,12.52,9.75,13.42,12.91,14.61,15.57,15.0,17.02,8.75
2017-03-26,18.2,16.25,13.14,21.72,20.98,11.59,15.15,17.74,17.15,11.11,23.2,16.57,25.97,35.77,25.34,16.14,23.31,24.81,3.96,26.33,27.01,50.9,22.19,20.93,19.39,7.12,42.57,20.89,22.67,5.05,17.63,28.21,15.18,23.88,15.03,31.22,16.75,15.8,15.86,19.42,12.42,8.24,17.7,6.86,11.75,6.8,6.98,4.25,9.74,16.72,20.41,22.31,16.05,16.71,18.76,1.68,19.42,12.04,17.39,15.74,12.07,18.95,23.94,12.07,13.61,12.64,10.53,15.64,13.22,19.45,15.05,17.22,16.68,11.22
2017-04-02,16.14,12.12,11.17,19.73,20.02,12.65,10.94,13.27,17.08,10.67,21.13,15.16,25.05,34.19,25.45,15.82,21.96,26.29,4.2,27.21,25.05,46.58,23.13,19.51,17.58,9.44,40.43,20.64,23.15,6.3,18.1,27.09,15.97,23.67,15.63,29.45,16.63,13.27,13.59,17.51,10.72,8.37,13.46,7.68,12.46,5.72,4.96,3.81,8.56,13.09,16.84,17.6,13.13,13.66,16.1,1.76,15.83,10.29,13.58,12.97,8.16,16.66,18.44,11.72,11.04,12.18,9.34,14.69,12.07,13.45,11.46,12.59,12.94,10.73
2017-04-09,17.45,16.68,11.42,21.82,19.28,10.48,13.28,17.76,17.23,14.09,19.16,15.66,25.28,30.61,27.82,18.86,23.71,27.51,4.6,29.05,24.93,42.34,22.44,18.19,18.6,7.4,36.78,19.53,22.04,5.04,18.97,27.84,14.81,24.02,15.73,30.35,14.16,13.28,13.75,17.69,11.55,10.61,13.95,7.05,12.23,6.0,7.05,4.09,7.6,17.01,19.09,20.13,14.52,15.62,14.86,1.94,19.51,10.63,17.58,15.02,12.82,16.87,22.86,10.71,11.07,11.73,11.25,14.66,12.82,14.2,14.93,15.3,15.32,8.74
2017-04-16,11.17,7.73,7.73,14.32,13.63,9.01,9.28,9.85,11.9,10.19,14.72,10.37,21.49,28.1,22.68,16.14,21.8,23.18,4.89,23.01,23.67,37.2,19.4,13.91,18.58,8.83,33.65,16.65,19.73,6.3,17.1,23.91,16.37,20.22,13.12,25.98,11.46,9.66,11.78,13.63,8.69,9.0,9.84,7.93,9.69,4.13,5.69,3.21,6.47,10.14,13.6,15.11,9.77,9.86,10.62,1.51,14.75,8.82,11.83,12.06,7.88,11.79,16.58,8.73,6.83,7.87,7.42,8.91,9.86,9.85,10.4,9.52,10.05,6.44
2017-04-23,17.86,15.08,11.3,21.7,18.01,10.57,13.74,17.61,17.15,12.13,21.77,18.4,23.84,34.75,25.44,18.19,24.16,26.06,3.15,27.44,25.23,47.14,19.32,20.93,16.5,6.18,42.44,19.7,22.51,3.75,17.93,28.07,12.01,22.53,12.61,31.18,16.58,13.65,15.67,16.7,11.73,8.96,14.49,6.41,9.68,5.85,7.22,3.67,7.72,18.28,20.67,22.33,15.15,15.52,16.02,1.7,20.42,10.71,17.33,15.96,12.77,18.11,22.83,12.89,10.12,12.44,10.62,13.67,11.88,13.84,16.43,15.34,16.99,10.28
2017-04-30,15.84,13.16,11.09,20.07,20.26,10.52,10.84,16.0,20.1,11.44,21.87,14.25,21.08,32.12,23.27,14.11,19.41,20.85,3.8,24.76,22.13,37.7,21.44,18.28,15.97,6.66,33.29,21.48,24.07,4.25,19.68,22.53,11.66,19.16,14.65,23.89,16.47,15.38,12.98,17.68,10.26,9.1,14.68,6.21,8.7,4.64,4.62,3.21,7.56,15.39,17.15,18.71,12.5,12.61,13.1,1.26,15.67,7.82,14.92,13.43,8.34,14.69,17.88,10.39,9.68,12.1,8.81,12.21,10.77,12.44,13.29,11.68,13.09,9.77
2017-05-07,13.62,10.36,8.86,16.19,14.96,9.19,10.29,12.01,16.41,11.36,16.05,12.29,20.53,28.15,22.01,14.91,20.28,21.41,3.88,23.0,23.16,38.92,19.87,16.33,16.6,7.09,31.98,17.43,20.73,4.13,15.6,24.02,13.23,19.62,11.87,25.94,12.56,10.89,11.74,12.58,9.14,8.15,12.23,6.76,8.72,4.17,4.13,3.19,6.08,12.37,12.85,14.2,10.81,9.19,10.93,0.86,13.88,7.41,12.46,11.55,8.05,11.95,14.41,8.49,7.45,9.55,7.15,9.91,8.73,10.05,11.96,9.43,10.93,7.27
2017-05-14,13.97,13.04,9.9,18.92,16.88,8.73,9.89,15.38,14.42,9.56,18.67,14.96,15.43,30.68,17.45,11.89,17.25,17.15,1.87,19.89,16.75,36.84,13.89,16.09,10.08,4.85,30.2,15.76,15.77,2.18,13.89,21.01,7.65,14.26,6.32,21.12,13.69,11.58,13.06,14.47,8.96,8.46,13.4,5.69,8.64,5.01,8.38,3.47,6.38,17.45,17.92,19.98,13.15,13.52,14.49,1.37,18.12,8.37,13.87,12.08,9.91,15.77,21.3,9.63,8.51,9.5,8.41,11.93,9.59,11.02,13.61,11.98,14.54,8.62
2017-05-21,13.51,11.77,10.6,17.85,14.29,7.82,8.88,12.99,13.8,9.73,16.7,15.2,14.98,28.55,15.45,12.29,17.04,18.08,2.67,18.25,16.44,34.6,13.58,15.54,11.2,4.97,29.44,14.48,15.6,2.44,12.99,19.86,8.92,15.8,9.07,22.01,11.95,11.53,14.29,13.84,7.98,8.38,11.81,5.63,7.57,5.19,7.05,3.02,5.92,12.44,14.13,15.88,10.31,9.58,12.06,1.45,14.25,7.45,11.9,11.44,7.51,11.96,17.4,9.92,8.11,9.83,8.56,9.14,9.04,10.16,13.84,10.1,12.51,8.42
2017-05-28,9.52,8.07,7.11,12.94,13.16,6.51,6.96,9.79,11.76,8.63,13.81,10.36,15.85,24.38,13.64,12.32,17.72,17.86,3.22,16.9,17.66,32.0,14.64,11.59,12.59,7.27,25.64,12.31,12.34,3.24,11.22,18.72,11.88,14.98,8.56,21.6,9.85,8.76,11.51,11.84,6.79,7.27,10.48,6.53,10.8,5.31,7.88,3.57,4.77,10.44,14.21,14.46,7.51,8.34,8.05,1.02,11.67,6.56,9.49,10.4,5.2,7.98,15.34,6.08,5.15,6.85,6.41,7.46,7.82,7.26,9.87,7.63,8.21,4.86
2017-06-04,9.04,8.09,6.51,13.27,13.62,7.54,6.56,9.42,13.68,8.45,14.07,10.57,20.16,25.64,20.17,14.91,20.09,20.16,3.63,20.84,23.54,34.8,17.32,13.4,15.35,6.74,29.82,16.09,18.33,4.12,15.94,23.1,11.28,18.89,12.31,24.16,10.41,9.27,9.54,11.64,7.12,7.04,9.35,5.49,9.28,4.55,4.31,2.34,4.24,13.45,12.34,13.02,8.84,10.33,11.31,1.26,12.33,4.63,8.25,8.94,4.38,10.17,13.29,7.0,8.17,7.05,7.0,10.17,7.15,7.84,8.57,8.26,8.33,6.25
2017-06-11,7.8,7.32,5.45,11.37,12.7,7.85,5.81,6.59,9.6,5.62,12.14,10.67,20.39,24.19,21.23,14.43,21.46,21.39,2.78,22.47,20.87,33.26,17.93,14.48,17.88,6.85,31.39,13.27,16.9,3.31,14.0,23.4,11.3,17.67,12.28,24.14,10.36,9.68,10.89,12.93,8.78,3.93,8.7,5.43,7.95,4.67,7.08,3.59,2.92,12.44,11.23,10.76,8.1,9.92,9.67,1.37,9.55,3.63,8.16,7.61,4.21,8.05,12.93,6.06,7.18,5.61,6.55,9.42,5.44,5.27,7.91,7.78,6.46,4.37
2017-06-18,7.78,7.02,5.69,9.97,11.21,6.83,6.29,7.02,9.17,6.17,10.95,8.0,18.49,20.89,17.62,13.7,18.33,21.18,4.13,19.69,19.98,33.64,16.42,9.06,15.81,9.55,27.59,12.69,15.96,5.87,14.18,20.9,13.73,17.55,11.58,24.04,7.87,10.04,8.82,10.36,6.49,5.23,6.43,6.72,9.98,4.82,6.82,4.17,4.48,9.5,9.65,10.28,7.62,7.53,9.55,1.12,10.57,5.42,8.34,9.4,4.73,8.02,10.77,5.7,5.88,5.46,7.47,9.2,6.96,6.74,8.57,6.51,7.36,4.69
2017-06-25,7.78,5.87,6.52,9.98,12.27,6.27,5.7,6.39,10.9,7.75,11.71,8.16,16.2,20.42,16.67,11.41,17.45,19.97,4.12,18.39,21.43,32.46,15.93,10.38,14.85,7.34,26.27,13.11,16.17,4.39,13.61,21.275,11.94,16.47,10.8,22.99,9.23,7.32,7.59,10.16,6.32,6.83,7.06,4.43,7.48,4.35,4.78,4.1,3.77,10.18,10.44,10.8,8.24,7.87,9.33,1.64,10.03,6.95,10.04,8.59,5.98,8.69,11.25,6.11,6.07,6.23,6.54,7.62,5.2,6.67,8.07,6.26,6.7,5.09
2017-07-02,7.99,8.65,6.45,10.67,12.6,6.35,5.96,6.18,11.31,6.0,13.07,10.5,17.46,22.09,18.43,10.9,16.01,18.22,3.21,19.71,18.73,30.73,16.45,12.82,15.01,6.73,26.44,13.78,17.9,5.0,15.17,21.65,11.18,15.43,11.98,20.25,10.08,8.95,7.53,12.9,5.88,5.36,8.16,5.15,8.2,3.57,2.91,2.91,3.54,13.46,10.36,11.06,9.46,10.87,11.73,1.19,9.69,4.71,6.33,7.75,3.74,9.33,9.85,6.59,7.25,7.1,7.16,9.44,5.75,7.2,7.23,8.9,7.02,6.53
2017-07-09,8.4,7.83,8.1,10.59,12.05,6.84,6.01,5.43,9.55,6.83,12.48,8.75,18.48,21.56,19.43,12.36,17.46,18.67,3.9,22.29,21.68,32.52,17.88,11.25,15.9,6.98,28.05,13.32,17.86,4.45,15.21,25.77,10.48,15.61,12.1,23.64,10.47,7.9,7.75,10.03,5.74,6.05,7.43,5.28,7.95,3.69,2.48,3.36,3.83,14.51,12.13,12.64,9.37,10.88,12.18,1.19,11.38,5.63,8.58,9.08,4.57,11.03,10.77,8.8,9.08,8.77,8.53,10.83,6.45,6.62,6.68,9.37,7.55,7.58
2017-07-16,10.53,6.39,6.77,12.85,12.39,7.15,6.05,10.59,11.2,7.86,14.0,9.05,12.75,23.08,14.99,9.53,13.24,13.75,3.55,16.66,15.39,26.52,14.79,11.82,11.3,7.05,21.02,13.9,16.02,4.15,12.24,19.6,8.64,12.26,9.27,17.91,11.39,9.53,8.52,11.08,6.92,7.08,8.47,5.3,7.21,3.48,3.77,2.92,4.28,13.94,15.08,16.42,11.13,10.41,12.18,1.43,13.79,7.91,13.9,10.24,7.65,13.69,14.59,7.88,7.28,7.88,9.17,10.88,7.85,9.15,7.46,10.97,9.07,7.03
2017-07-23,9.95,5.72,6.24,12.07,11.85,7.74,5.78,8.52,11.54,9.22,13.9,9.12,12.96,22.94,14.56,10.0,14.16,14.76,3.66,17.95,17.83,27.55,14.0,11.74,10.37,6.84,21.29,12.94,13.64,3.84,10.58,21.42,8.63,12.66,8.87,19.44,9.48,10.27,8.97,10.24,6.2,7.86,8.78,5.15,7.27,3.69,3.14,3.13,3.6,13.11,13.36,13.93,8.41,10.13,13.25,1.6,12.77,5.89,10.54,9.45,4.77,10.94,13.34,8.73,5.17,8.01,8.06,9.8,6.55,6.51,8.22,9.89,6.4,7.38
2017-07-30,7.65,5.19,4.62,10.22,11.38,5.6,5.51,6.2,8.07,5.78,10.51,9.14,18.08,26.29,17.9,11.6,17.45,19.85,3.23,19.59,18.68,30.86,16.38,11.9,16.58,6.76,29.35,16.84,17.71,4.3,14.81,24.87,11.47,16.71,12.2,24.13,10.42,12.17,10.01,11.82,6.45,4.31,7.29,5.29,9.42,3.76,4.22,2.48,2.36,14.2,14.72,14.8,8.51,13.31,13.93,2.21,12.08,4.09,8.63,9.09,5.27,10.28,14.62,6.43,3.81,5.07,7.08,8.98,6.43,5.36,7.17,8.5,4.74,4.51
2017-08-06,6.99,3.89,3.83,6.71,8.82,5.97,4.19,5.57,7.85,6.98,8.66,6.08,13.1,20.63,11.16,9.2,14.39,17.76,5.28,13.16,16.27,31.53,12.27,6.36,12.07,7.5,24.33,10.94,11.49,6.04,11.44,19.76,12.56,15.29,7.8,19.63,7.73,7.22,8.71,9.11,5.78,6.23,6.64,5.16,9.74,5.36,5.18,3.23,2.82,6.13,8.84,8.77,5.65,4.71,6.92,1.79,8.6,5.77,9.28,8.01,4.56,6.8,9.14,5.15,5.965,4.37,6.61,5.42,5.91,4.85,6.38,4.38,3.51,3.28
2017-08-13,9.12,7.11,5.44,10.95,11.67,7.48,4.95,8.12,10.45,8.97,12.48,7.96,14.9,21.85,15.92,12.52,16.38,17.62,5.11,16.72,21.52,32.18,15.32,11.34,13.75,7.96,26.82,13.92,15.61,5.74,13.58,24.91,11.26,15.47,8.99,22.78,10.61,9.88,8.77,11.1,6.7,7.54,7.87,4.78,8.83,4.29,3.37,2.34,3.11,8.43,11.81,11.99,8.17,6.61,9.22,2.68,11.02,6.57,10.53,9.45,6.73,9.53,11.4,6.94,8.12,5.71,5.6,7.09,5.73,6.25,7.37,5.93,5.51,4.39
2017-08-20,11.2,9.51,5.93,13.59,16.08,8.26,6.47,10.16,14.31,8.31,14.2,10.68,11.93,21.3,12.21,7.96,12.07,11.66,2.69,13.47,12.42,23.95,11.3,13.35,8.56,5.72,20.84,13.27,13.2,3.6,10.66,18.24,6.5,10.07,6.91,16.94,11.13,10.48,9.11,11.9,7.11,7.58,9.22,4.91,7.27,3.99,4.14,2.19,3.62,13.83,15.67,15.61,12.13,12.11,14.59,2.16,13.71,5.05,11.54,11.02,7.08,11.96,17.53,7.81,9.29,7.1,7.12,10.28,7.52,8.09,8.31,9.96,8.78,6.51
2017-08-27,10.56,10.54,8.48,11.91,13.46,8.29,7.4,9.32,12.96,9.78,13.97,12.22,10.96,18.19,10.56,8.56,11.1,13.09,2.11,13.11,11.12,25.32,10.42,12.63,6.39,3.36,21.33,10.35,11.83,1.39,10.58,18.01,4.69,10.06,5.96,17.88,7.63,8.22,8.92,9.67,5.97,8.17,9.25,4.0,7.76,4.61,7.04,2.59,3.14,16.63,16.44,17.39,11.41,14.06,12.92,2.26,14.65,5.26,10.52,10.95,7.57,12.76,15.45,7.7,7.549999999999999,7.48,8.45,12.23,6.47,7.45,8.92,12.11,8.69,7.87
2017-09-03,9.35,5.72,6.07,10.55,12.49,6.52,5.96,8.44,10.61,9.8,12.8,10.6,18.42,26.8,17.47,12.86,19.22,18.32,3.9,19.78,19.56,30.94,15.59,14.35,12.89,7.13,28.77,15.45,17.82,3.97,14.9,27.69,9.6,16.01,10.36,24.44,12.48,8.53,8.66,11.25,7.22,8.07,9.07,4.67,9.02,3.9,4.56,2.46,3.16,11.66,11.03,11.92,8.51,10.72,10.66,2.3,11.44,3.78,5.97,8.9,4.59,9.17,13.46,5.91,5.81,6.15,6.48,8.05,6.66,6.69,8.61,7.52,8.48,5.31
2017-09-10,13.61,8.52,8.14,13.25,14.43,8.76,7.54,11.42,12.37,8.81,15.25,10.49,17.12,27.62,14.79,13.25,18.66,20.34,2.81,17.54,22.1,34.75,14.87,12.81,11.3,4.12,27.85,16.21,16.96,3.29,13.21,27.46,11.47,15.93,10.51,25.26,11.19,11.1,10.27,13.05,6.28,7.84,9.91,3.79,8.36,3.92,3.67,2.61,4.18,10.85,12.8,13.53,11.55,9.18,12.13,2.73,12.98,7.24,11.14,9.52,8.53,10.85,15.82,8.29,9.24,8.35,7.94,10.41,7.84,9.56,10.54,9.7,11.13,6.85
2017-09-17,14.89,12.52,10.5,17.02,17.75,9.71,9.02,15.87,16.84,11.53,18.84,13.6,16.78,34.54,17.99,12.35,17.53,18.46,3.36,20.26,21.06,36.93,18.39,17.67,12.78,6.65,33.09,18.44,21.26,3.85,14.99,29.23,9.45,16.91,10.56,25.29,15.07,13.86,14.66,15.92,9.36,9.62,13.09,5.23,7.85,4.43,3.79,2.67,5.83,12.86,16.15,18.52,13.51,11.65,14.37,2.19,15.77,6.33,13.33,12.08,8.18,14.25,21.64,8.08,9.76,9.09,9.2,12.07,9.1,10.57,12.63,11.73,12.94,9.64
2017-09-24,12.07,7.67,8.01,13.64,14.38,8.75,7.78,10.02,13.03,11.0,14.5,10.77,17.63,25.09,16.78,12.47,15.7,20.19,4.41,18.85,19.55,34.03,16.05,13.79,14.47,7.31,29.87,15.25,16.35,2.74,15.53,25.77,13.08,17.23,10.66,23.61,11.72,11.72,11.57,13.38,9.17,9.17,11.88,6.16,10.17,4.25,4.32,2.84,5.75,11.65,12.7,14.67,10.29,8.43,11.46,2.22,12.88,6.52,11.56,11.38,6.21,10.7,14.23,7.75,9.24,7.69,7.45,9.71,7.96,8.69,10.08,9.34,10.31,6.57
2017-10-01,14.35,11.71,10.34,16.59,15.03,8.95,8.41,14.23,12.79,10.02,16.6,10.65,12.74,21.83,12.82,10.43,14.47,15.97,2.35,16.68,16.0,30.71,14.09,14.12,8.5,3.55,24.9,13.23,15.19,1.63,9.89,23.2,6.28,12.13,5.82,20.98,9.99,8.83,11.35,11.26,6.28,7.79,11.03,4.92,7.25,3.88,6.01,2.63,7.73,14.12,15.07,17.63,11.93,11.58,14.12,2.1,14.82,6.82,14.36,11.8,7.87,12.31,17.3,9.14,8.83,8.86,8.49,10.84,7.78,8.09,11.01,10.49,10.07,7.78
2017-10-08,14.44,11.61,9.64,15.21,15.62,11.32,9.7,12.83,13.01,9.46,16.57,9.12,8.81,14.54,8.63,7.12,9.19,11.95,1.74,10.7,8.05,19.73,9.05,11.47,3.81,2.06,14.89,9.48,9.43,1.09,7.06,14.21,2.99,7.46,3.26,14.08,6.79,5.38,9.41,9.12,4.87,7.64,9.21,4.47,7.39,3.49,7.24,2.54,6.86,14.95,15.5,17.71,13.5,11.66,14.33,2.18,16.2,7.51,14.94,12.99,9.93,13.65,17.4,9.35,10.62,9.34,9.6,12.16,8.91,10.37,12.89,12.25,12.95,7.98
2017-10-15,13.76,9.54,7.76,10.09,9.78,8.59,9.65,11.35,9.99,7.25,12.81,6.96,16.54,22.73,15.07,14.12,17.03,14.94,1.23,16.98,19.15,30.73,12.66,10.35,11.14,2.41,28.23,14.27,13.27,2.38,8.74,26.04,4.52,11.09,5.4,23.46,11.89,7.0,10.01,10.65,6.82,8.02,8.84,4.76,7.94,4.45,4.5,2.32,5.04,17.59,17.36,19.88,12.7,14.78,12.43,2.13,16.67,8.2,14.31,11.06,12.61,13.2,20.45,7.23,7.48,7.91,7.76,10.55,8.15,10.11,12.46,11.59,14.0,5.73
2017-10-22,17.76,11.06,10.29,15.93,9.51,12.07,11.83,11.99,10.98,6.61,14.45,10.79,18.64,32.27,17.89,14.78,19.84,20.41,1.44,19.79,23.56,41.01,15.51,15.74,13.82,2.63,35.09,14.93,15.44,1.55,12.02,30.63,6.56,20.3,11.7,27.72,9.88,8.72,12.6,11.72,6.72,5.32,10.04,5.41,10.31,5.39,5.67,3.14,6.84,21.17,20.83,24.24,16.79,18.34,17.75,2.68,21.98,10.05,17.12,14.07,14.72,21.29,26.0,11.28,10.23,10.78,9.69,15.24,13.21,14.1,16.22,16.31,18.88,10.36
2017-10-29,16.5,11.92,9.32,17.19,11.41,11.98,11.49,12.74,11.21,6.68,15.65,9.89,18.34,26.94,16.02,14.01,18.64,19.37,1.07,21.79,18.31,37.44,15.4,14.75,10.69,3.07,30.91,14.59,16.01,1.43,10.13,27.59,7.06,14.79,7.04,22.22,9.8,8.27,11.49,11.8,6.93,6.47,9.99,5.38,10.02,4.66,7.14,3.33,8.69,21.89,24.5,25.45,17.0,17.85,17.23,2.35,24.54,12.35,20.14,14.82,17.37,22.12,27.17,10.14,10.71,11.82,10.02,15.23,12.25,15.46,14.26,16.03,18.08,9.94
2017-11-05,19.13,11.9,9.93,21.71,15.37,11.33,12.8,15.44,13.29,11.13,19.3,11.51,12.5,24.64,13.55,11.62,13.98,15.71,1.84,17.02,14.54,30.52,12.25,15.81,6.7,5.24,25.79,14.13,14.62,2.71,9.45,23.65,8.03,12.48,4.69,19.92,11.42,12.86,12.96,13.22,7.98,8.73,12.69,6.88,10.46,4.94,7.66,3.97,8.81,22.07,26.26,27.88,18.05,19.63,17.11,2.14,27.79,11.76,21.55,17.33,17.92,22.88,31.62,9.66,10.83,11.08,9.29,13.71,12.68,14.84,17.9,14.74,19.92,8.43
2017-11-12,18.94,14.22,11.51,21.08,18.13,9.99,14.77,17.19,15.88,11.59,20.06,11.64,18.74,26.77,19.76,15.31,18.66,20.51,1.35,20.31,20.11,32.41,17.98,18.16,11.75,5.81,30.18,16.33,17.56,2.42,13.92,21.77,11.05,18.6,10.08,24.23,13.24,11.31,15.27,16.39,9.65,9.72,14.51,6.78,8.56,4.87,7.61,3.65,8.8,21.29,25.62,28.29,17.38,19.78,17.03,2.22,24.78,11.38,20.19,16.48,15.9,20.22,29.45,9.06,12.62,11.83,10.8,15.45,13.84,16.1,16.8,16.91,20.13,7.7
2017-11-19,20.4,12.16,10.77,17.49,12.34,11.53,16.79,13.5,11.51,10.15,15.55,11.2,16.75,24.9,16.45,14.58,18.99,19.27,1.78,19.49,17.66,32.93,15.55,14.35,11.15,3.72,29.84,16.299999999999997,15.12,2.16,11.6,21.91,8.62,15.83,7.54,23.66,11.04,7.9,13.03,12.42,9.3,9.13,13.25,6.18,7.95,5.63,8.37,4.49,11.35,21.88,24.33,27.44,18.49,21.83,17.36,2.65,26.48,15.91,24.0,17.7,22.34,20.92,30.4,9.27,12.18,12.07,9.89,13.36,13.83,14.55,17.19,15.37,20.46,7.54
2017-11-26,18.52,14.67,10.2,17.61,14.48,12.65,14.14,13.71,12.37,10.19,16.85,10.11,14.91,25.26,16.11,14.71,17.21,17.75,1.32,19.43,17.71,30.48,15.27,14.96,8.44,4.09,28.1,16.27,15.36,2.14,10.09,20.66,8.49,14.87,6.22,21.31,11.74,9.01,12.33,13.55,8.44,9.48,13.02,6.14,8.6,4.83,6.51,3.59,9.56,20.49,24.08,26.49,17.96,19.15,16.55,2.21,26.88,14.65,23.74,17.38,22.07,20.42,29.42,7.12,10.56,10.66,9.51,12.71,13.36,14.92,15.48,14.44,18.23,5.99
2017-12-03,20.67,13.39,11.36,17.29,14.15,11.63,16.19,15.35,11.86,9.24,16.99,11.37,19.94,26.83,18.63,16.39,19.58,19.38,1.77,20.57,19.6,35.58,16.88,15.48,11.17,4.18,32.44,18.36,15.05,2.71,13.04,24.17,10.16,18.36,8.36,23.68,12.58,9.95,14.89,14.7,8.92,8.51,12.8,6.33,7.73,5.87,9.73,5.07,11.6,22.75,25.38,27.89,20.42,22.61,21.06,2.47,27.17,16.82,24.34,17.29,25.99,22.35,32.03,11.58,12.34,11.79,11.41,16.29,15.94,17.41,17.26,17.49,21.61,10.36
2017-12-10,21.47,14.71,12.88,21.37,16.68,14.42,15.86,17.76,13.4,11.8,20.88,12.08,16.92,23.14,15.78,13.93,17.87,19.52,1.96,19.76,17.84,33.31,15.28,15.82,10.24,4.01,29.37,15.77,14.71,2.81,13.53,22.37,9.87,16.06,7.55,23.54,12.0,9.37,13.93,13.07,9.28,9.28,14.49,7.72,8.8,6.1,9.49,4.65,10.93,23.75,27.24,29.85,20.8,22.7,19.39,2.5,27.49,15.72,24.43,17.85,24.66,23.57,31.91,10.63,13.51,13.14,11.28,16.88,16.52,19.34,19.77,18.58,21.84,9.58
2017-12-17,19.25,14.33,11.67,17.87,14.93,13.25,14.01,15.29,15.74,8.19,19.18,13.7,18.73,28.31,18.93,14.04,17.92,19.76,1.6,20.15,16.26,35.41,16.46,16.36,8.14,3.24,31.09,19.82,18.25,2.84,12.57,23.26,6.13,17.11,7.79,24.05,11.4,11.5,14.16,15.02,7.63,7.24,14.65,6.72,7.21,5.26,7.29,4.4,10.68,19.53,24.66,27.27,18.72,19.31,17.0,2.12,25.38,16.36,23.81,17.19,23.28,22.65,29.11,11.86,12.61,11.94,11.31,15.88,14.97,16.13,15.11,16.6,18.59,9.96
2017-12-24,20.91,16.91,12.75,23.3,20.26,14.66,15.36,19.49,17.29,12.67,24.41,12.99,16.2,25.4,15.19,12.05,15.84,18.68,2.61,18.22,15.73,35.54,13.7,15.95,9.6,5.51,32.58,15.28,13.83,5.18,13.91,21.66,9.59,15.97,7.67,23.32,10.73,10.91,15.26,14.3,9.56,10.92,16.3,7.21,8.23,6.44,9.37,5.45,9.59,20.8,23.81,25.72,18.64,19.94,18.1,2.42,24.07,13.36,20.94,16.04,19.12,20.85,28.22,11.55,13.79,12.37,11.31,16.18,14.63,17.7,18.18,17.6,19.29,9.78
