region,year,week,AMB_TEMP,NO,NO2,NOx,O3,PM10,PM25,RH,SO2
中彰投,2016,1,19.84,7.28,17.27,24.57,18.77,52.15,28.32,82.55,2.84
中彰投,2016,2,17.16,3.06,15.25,18.3,25.01,42.6,23.24,80.18,2.63
中彰投,2016,3,16.9,4.49,18.13,22.65,21.16,43.98,25.68,80.7,2.72
中彰投,2016,4,12.92,5.11,15.69,20.73,23.66,39.54,19.44,76.4,2.61
中彰投,2016,5,16.01,4.39,15.38,19.73,22.51,29.89,15.2,84.24,2.34
中彰投,2016,6,14.8,2.75,13.51,16.16,38.64,62.23,36.76,64.68,3.04
中彰投,2016,7,17.82,3.69,14.73,18.37,20.9,39.74,22.51,74.79,2.6
中彰投,2016,8,16.43,3.46,17.55,21.04,27.16,63.22,34.5,76.46,2.64
中彰投,2016,9,17.25,3.8,18.48,22.3,31.24,64.22,33.04,71.15,3.11
中彰投,2016,10,20.31,4.0,17.54,21.54,25.31,55.75,33.57,76.48,3.25
中彰投,2016,11,15.99,6.01,20.84,26.77,20.52,39.49,23.6,86.71,2.63
中彰投,2016,12,19.13,4.98,18.43,23.4,22.82,56.02,32.52,87.3,2.6
中彰投,2016,13,17.37,2.36,17.1,19.47,44.14,63.04,36.9,65.64,3.28
中彰投,2016,14,24.43,2.65,13.86,16.51,30.51,72.41,44.24,76.95,3.16
中彰投,2016,15,23.66,2.63,14.44,17.04,27.74,47.75,28.51,81.06,3.01
中彰投,2016,16,24.28,2.5,13.74,16.19,29.42,47.24,25.38,80.26,2.76
中彰投,2016,17,25.92,2.22,11.48,13.75,26.16,42.61,22.85,77.44,2.96
中彰投,2016,18,25.25,2.46,12.7,15.08,33.53,54.33,31.39,75.24,2.96
中彰投,2016,19,27.61,2.51,11.17,13.6,27.54,37.75,19.42,73.67,3.04
中彰投,2016,20,25.91,1.99,11.81,13.76,38.26,45.09,23.08,75.16,2.99
中彰投,2016,21,26.8,2.38,13.46,15.81,28.19,45.43,25.35,81.12,3.16
中彰投,2016,22,29.82,1.99,6.97,8.94,21.62,29.19,11.87,72.4,2.31
中彰投,2016,23,28.47,2.1,8.1,10.14,26.39,27.22,12.76,76.34,2.58
中彰投,2016,24,27.24,2.16,7.22,9.35,19.61,21.87,8.42,81.45,2.03
中彰投,2016,25,29.28,2.28,7.69,9.95,22.15,28.55,11.93,73.71,2.69
中彰投,2016,26,29.69,2.24,7.88,10.2,22.62,29.34,13.35,73.46,2.67
中彰投,2016,27,29.17,2.0,8.37,10.4,26.39,31.9,15.01,75.42,2.75
中彰投,2016,28,28.65,2.12,6.01,8.04,20.51,20.08,8.17,75.62,2.09
中彰投,2016,29,29.51,2.25,6.96,9.28,18.77,28.54,13.33,72.28,2.42
中彰投,2016,30,30.26,2.0,7.87,9.85,26.06,34.53,18.92,68.19,2.87
中彰投,2016,31,29.6,2.01,8.94,10.83,32.44,36.16,18.69,74.46,2.76
中彰投,2016,32,29.42,1.94,8.85,10.71,29.71,34.14,17.43,75.95,2.8
中彰投,2016,33,27.93,2.26,8.84,11.08,24.8,28.16,12.88,81.34,2.55
中彰投,2016,34,29.49,1.66,8.38,9.96,33.31,44.71,23.52,76.27,2.88
中彰投,2016,35,28.77,1.33,10.55,11.96,45.91,56.89,32.01,71.43,3.04
中彰投,2016,36,27.66,2.15,8.77,10.9,23.46,24.32,11.27,81.36,2.15
中彰投,2016,37,27.96,3.51,9.45,12.87,21.19,29.04,12.65,78.6,2.49
中彰投,2016,38,27.52,2.21,10.74,13.06,32.1,41.45,18.41,75.01,2.6
中彰投,2016,39,27.77,2.55,10.47,13.04,26.34,41.93,18.85,78.53,2.62
中彰投,2016,40,28.18,2.81,12.31,15.13,28.54,49.99,27.29,76.98,3.04
中彰投,2016,41,25.77,3.07,10.56,13.55,23.34,30.38,13.92,79.73,2.28
中彰投,2016,42,28.03,2.14,13.97,16.15,37.43,76.22,42.87,74.39,3.64
中彰投,2016,43,28.04,2.96,13.48,16.36,25.47,51.62,26.91,76.42,3.47
中彰投,2016,44,24.84,1.92,12.26,14.07,33.75,49.13,22.58,70.99,2.6
中彰投,2016,45,23.66,2.44,15.47,17.92,31.89,51.49,26.86,72.55,3.1
中彰投,2016,46,24.31,3.38,18.41,21.73,31.49,73.94,40.19,77.29,3.4
中彰投,2016,47,23.52,4.55,16.58,21.03,22.08,46.01,24.21,79.71,2.97
中彰投,2016,48,21.38,3.12,15.66,18.78,23.54,43.45,19.35,78.42,2.46
中彰投,2016,49,21.8,2.82,16.35,19.28,26.25,55.29,27.17,75.69,2.99
中彰投,2016,50,20.68,4.28,16.49,20.76,26.99,54.41,26.39,72.28,2.76
中彰投,2016,51,20.12,4.01,18.61,22.61,26.26,63.02,34.47,72.71,3.12
中彰投,2016,52,18.87,3.99,16.54,20.51,25.67,58.2,28.04,74.72,2.61
中彰投,2017,1,20.73,4.68,16.54,21.28,24.52,73.19,40.13,81.19,2.79
中彰投,2017,2,19.1,3.64,16.9,20.51,25.13,52.24,28.35,76.21,2.78
中彰投,2017,3,17.37,3.53,14.34,17.75,25.33,43.2,20.93,75.83,2.47
中彰投,2017,4,16.91,2.64,14.87,17.5,30.47,50.89,26.1,67.88,2.63
中彰投,2017,5,18.83,2.15,11.69,13.74,29.35,45.91,20.97,73.23,2.36
中彰投,2017,6,16.3,2.26,13.9,16.12,31.84,63.66,33.26,67.6,2.69
中彰投,2017,7,17.66,3.8,17.59,21.39,32.99,62.34,32.41,66.09,3.07
中彰投,2017,8,18.69,3.83,16.22,20.04,26.72,54.42,29.13,78.75,2.46
中彰投,2017,9,17.06,2.38,16.52,18.95,34.45,59.1,31.13,69.73,2.9
中彰投,2017,10,18.52,3.34,17.78,21.15,32.1,57.9,34.97,77.82,2.81
中彰投,2017,11,19.6,2.53,16.19,18.72,32.37,56.92,32.42,77.14,2.73
中彰投,2017,12,21.7,2.31,15.4,17.74,36.0,54.5,29.22,74.55,2.75
中彰投,2017,13,19.78,2.62,15.86,18.42,40.9,67.88,35.01,68.87,2.95
中彰投,2017,14,22.12,1.91,14.07,15.96,43.55,61.98,34.81,62.42,3.02
中彰投,2017,15,23.86,3.31,15.3,18.6,26.22,45.36,24.19,78.04,2.71
中彰投,2017,16,25.73,2.2,10.36,12.45,27.89,41.53,22.61,76.5,2.57
中彰投,2017,17,22.35,2.09,15.24,17.3,39.44,53.13,26.96,74.95,3.04
中彰投,2017,18,26.0,2.59,14.46,16.99,34.33,53.12,29.17,69.91,3.07
中彰投,2017,19,27.69,2.18,11.92,14.03,30.81,51.64,23.46,72.6,3.15
中彰投,2017,20,25.43,2.0,12.71,14.55,35.54,34.34,17.11,77.96,2.66
中彰投,2017,21,26.77,2.01,11.95,13.94,31.69,37.44,18.48,75.74,2.82
中彰投,2017,22,26.97,1.89,9.18,11.08,28.16,29.68,14.51,82.17,2.47
中彰投,2017,23,28.46,2.47,9.27,11.68,23.51,30.27,14.49,78.02,2.66
中彰投,2017,24,27.2,2.3,7.76,10.01,17.31,22.25,7.71,82.19,2.04
中彰投,2017,25,28.25,2.75,7.5,10.29,15.35,23.49,9.66,76.45,2.06
中彰投,2017,26,28.91,1.98,7.78,9.65,22.52,30.12,13.6,72.61,2.57
中彰投,2017,27,27.31,2.2,7.99,10.07,21.84,21.88,8.8,78.03,2.25
中彰投,2017,28,28.21,1.81,8.09,9.91,23.93,27.89,12.16,74.7,2.64
中彰投,2017,29,28.6,1.81,9.07,10.69,29.97,35.23,17.13,74.2,2.75
中彰投,2017,30,28.63,1.4,8.84,10.27,30.17,38.47,21.82,75.78,3.22
中彰投,2017,31,27.43,1.78,6.87,8.55,23.04,25.9,11.42,80.62,2.23
中彰投,2017,32,29.31,1.72,6.07,7.61,18.27,29.08,12.93,74.57,2.12
中彰投,2017,33,29.33,2.28,8.22,10.49,20.89,27.18,14.08,71.51,2.77
中彰投,2017,34,29.03,2.14,9.87,12.0,27.5,37.12,19.23,77.74,2.87
中彰投,2017,35,28.92,1.92,9.98,11.74,28.84,42.37,22.55,77.07,2.89
中彰投,2017,36,28.99,1.65,8.43,10.14,25.72,33.32,16.94,78.6,2.66
中彰投,2017,37,29.19,2.33,10.55,12.8,30.75,40.87,20.17,71.23,2.96
中彰投,2017,38,29.43,1.25,13.13,14.44,44.52,58.73,33.97,69.72,3.96
中彰投,2017,39,29.73,1.98,10.44,12.38,28.53,40.37,21.67,73.96,3.07
中彰投,2017,40,29.37,1.8,11.89,13.57,34.34,53.72,27.59,74.89,2.95
中彰投,2017,41,28.7,2.14,12.07,14.2,30.04,51.87,24.74,75.06,3.19
中彰投,2017,42,25.88,2.14,9.92,12.07,28.48,30.64,12.32,80.99,2.08
中彰投,2017,43,23.09,1.4,12.09,13.51,46.63,50.7,24.86,67.49,2.22
中彰投,2017,44,22.96,1.97,12.19,14.12,36.7,47.23,19.41,72.04,2.25
中彰投,2017,45,24.49,2.16,14.22,16.38,29.78,55.59,25.66,80.93,2.5
中彰投,2017,46,24.08,3.31,15.06,18.33,23.47,48.68,23.12,82.92,2.77
中彰投,2017,47,20.85,2.36,13.88,16.17,24.28,35.76,15.88,78.49,2.29
中彰投,2017,48,22.71,2.69,13.73,16.41,27.71,48.92,23.29,81.0,2.44
中彰投,2017,49,17.89,3.08,14.24,17.3,26.14,43.22,22.07,78.66,2.26
中彰投,2017,50,18.7,4.38,16.08,20.5,23.51,46.39,22.65,80.54,2.52
中彰投,2017,51,16.75,2.9,14.4,17.31,29.01,47.6,24.13,73.06,2.54
中彰投,2017,52,19.2,3.09,17.12,20.17,29.14,71.82,39.92,74.98,3.06
中彰投,2018,1,18.58,4.78,17.35,22.14,20.12,52.44,27.6,84.44,2.6
中彰投,2018,2,13.57,3.43,13.67,17.13,26.22,33.62,16.71,71.76,2.28
中彰投,2018,3,19.72,4.25,18.32,22.52,23.46,57.58,31.05,81.34,2.71
中彰投,2018,4,18.38,2.73,15.07,17.74,25.96,41.85,18.95,79.24,2.34
中彰投,2018,5,12.95,2.58,13.4,15.96,24.58,28.12,17.33,84.24,2.15
中彰投,2018,6,13.37,5.4,16.61,22.05,23.46,42.36,23.61,82.33,2.31
中彰投,2018,7,18.68,2.34,14.69,17.02,32.84,71.99,32.32,71.5,2.67
中彰投,2018,8,19.01,2.73,15.76,18.5,25.79,50.78,28.52,79.39,2.46
中彰投,2018,9,21.42,4.28,16.84,21.12,25.9,69.53,37.15,79.3,2.74
中彰投,2018,10,18.45,2.14,12.73,14.92,30.19,41.77,19.67,74.37,2.27
中彰投,2018,11,20.94,2.7,17.38,20.12,33.94,61.47,33.16,74.85,2.95
中彰投,2018,12,19.99,2.05,13.99,16.05,39.27,54.74,26.12,66.89,2.33
中彰投,2018,13,22.77,1.78,13.43,15.19,39.64,68.09,36.03,73.7,2.62
中彰投,2018,14,22.39,1.89,11.29,13.04,34.38,67.04,29.23,68.14,2.57
中彰投,2018,15,24.98,1.94,11.14,13.04,31.14,44.31,20.63,71.64,2.67
中彰投,2018,16,23.53,1.63,14.33,16.03,40.63,62.65,32.01,75.18,3.2
中彰投,2018,17,25.52,1.74,14.08,15.69,37.99,57.38,31.12,74.52,2.99
中彰投,2018,18,27.3,1.72,11.17,12.85,33.96,50.11,25.04,72.56,2.9
中彰投,2018,19,26.25,1.55,11.93,13.51,31.65,42.34,19.16,76.18,2.7
中彰投,2018,20,29.02,2.22,8.6,10.87,20.31,30.86,14.96,73.84,2.64
中彰投,2018,21,29.25,1.9,10.43,12.14,28.86,39.22,20.36,70.91,3.19
中彰投,2018,22,29.32,1.4,9.57,10.99,34.96,37.33,17.82,72.54,2.81
中彰投,2018,23,29.27,1.46,9.94,11.4,32.67,37.96,17.92,74.26,3.17
中彰投,2018,24,28.09,1.21,10.65,11.94,41.64,37.69,18.01,75.13,2.95
中彰投,2018,25,27.16,2.03,7.2,9.27,16.72,21.95,7.84,83.55,2.14
中彰投,2018,26,28.41,2.2,8.1,10.2,20.81,28.9,12.43,75.85,2.68
中彰投,2018,27,27.33,2.05,7.41,9.58,17.18,21.57,8.48,81.38,2.16
中彰投,2018,28,28.58,1.88,8.27,10.12,26.06,36.07,17.78,77.36,3.08
中彰投,2018,29,29.47,1.31,8.56,9.95,33.92,42.78,23.96,75.24,2.9
中彰投,2018,30,28.99,1.93,7.88,9.61,22.96,29.29,14.55,76.89,2.61
中彰投,2018,31,29.36,1.76,6.99,8.75,24.07,28.01,12.86,74.62,2.33
中彰投,2018,32,29.36,1.27,7.97,9.44,34.1,37.39,22.63,73.95,2.95
中彰投,2018,33,28.11,1.61,7.76,9.3,25.52,22.48,10.31,80.05,2.21
中彰投,2018,34,26.89,1.49,7.97,9.46,29.81,19.22,9.12,86.02,2.26
中彰投,2018,35,26.75,2.76,7.79,10.63,17.08,23.73,10.17,81.65,2.16
中彰投,2018,36,28.01,1.97,8.11,9.9,27.9,30.98,15.02,78.2,2.29
中彰投,2018,37,27.77,2.4,11.33,13.81,28.71,42.51,20.72,77.26,2.99
中彰投,2018,38,28.6,2.12,10.04,12.18,28.57,43.28,24.18,75.58,2.71
中彰投,2018,39,26.68,1.14,8.17,9.39,42.05,39.55,15.21,69.39,2.27
中彰投,2018,40,25.24,1.34,11.65,13.01,51.35,51.79,24.02,66.41,2.54
中彰投,2018,41,24.78,1.94,12.55,14.5,33.85,37.55,18.69,76.42,2.49
中彰投,2018,42,24.36,1.74,13.08,14.85,35.24,38.26,18.3,75.8,2.56
中彰投,2018,43,24.08,1.94,13.08,15.02,39.59,55.48,25.16,71.25,2.82
中彰投,2018,44,22.89,2.88,14.28,16.99,31.99,39.8,16.94,74.25,2.37
中彰投,2018,45,24.7,2.95,15.68,18.61,30.69,68.72,36.76,79.15,3.06
中彰投,2018,46,23.54,2.75,15.95,18.72,29.07,50.84,24.47,76.39,2.89
中彰投,2018,47,21.93,2.7,14.86,17.63,28.21,43.99,20.17,74.43,2.49
中彰投,2018,48,21.28,3.79,16.01,19.73,26.49,50.04,24.68,78.59,2.77
中彰投,2018,49,22.37,3.91,14.78,18.7,23.94,39.69,16.88,73.26,2.32
中彰投,2018,50,20.11,2.99,14.64,17.5,22.26,35.57,15.92,76.78,2.31
中彰投,2018,51,20.05,3.3,17.72,21.01,31.28,65.02,29.91,70.47,2.86
中彰投,2018,52,18.78,2.2,12.14,14.34,26.6,28.46,10.85,74.63,2.06
中彰投,2019,1,19.81,4.25,16.07,20.37,19.57,40.28,19.3,81.51,2.3
中彰投,2019,2,20.69,4.54,16.55,21.09,21.35,47.78,21.01,79.45,2.3
中彰投,2019,3,17.76,2.52,15.04,17.57,27.56,53.06,25.78,80.82,2.26
中彰投,2019,4,16.26,2.76,16.25,18.97,32.2,57.28,25.76,70.09,2.49
中彰投,2019,5,19.39,3.32,17.41,20.75,29.54,60.89,29.83,72.41,2.39
中彰投,2019,6,20.07,1.63,10.9,12.49,27.95,46.48,22.26,74.13,2.13
中彰投,2019,7,20.68,2.63,14.6,17.09,26.08,42.8,20.8,75.49,2.33
中彰投,2019,8,19.94,3.02,15.59,18.6,25.31,47.58,24.57,80.11,2.23
中彰投,2019,9,20.79,1.96,15.18,17.22,31.28,59.72,31.63,77.04,2.39
中彰投,2019,10,17.92,2.76,16.51,19.27,27.23,30.44,17.08,85.54,2.14
中彰投,2019,11,20.51,2.33,16.41,18.78,36.81,60.47,33.23,71.92,2.63
中彰投,2019,12,21.54,3.23,14.66,17.85,25.59,48.22,25.94,79.88,2.41
中彰投,2019,13,22.5,1.78,12.29,14.05,35.07,44.61,22.98,76.94,2.23
中彰投,2019,14,23.01,2.11,12.2,14.35,36.39,53.49,31.1,78.94,2.28
中彰投,2019,15,24.04,1.79,11.44,13.24,30.86,39.07,20.7,76.54,2.28
中彰投,2019,16,24.23,2.09,13.18,15.28,31.03,35.6,19.24,80.63,2.27
中彰投,2019,17,27.04,1.89,9.45,11.24,29.93,37.91,20.13,73.25,2.38
中彰投,2019,18,23.29,1.93,11.96,13.89,30.45,34.3,16.21,80.93,1.98
中彰投,2019,19,24.25,2.04,13.43,15.53,29.89,38.19,19.87,81.84,2.47
中彰投,2019,20,27.06,2.13,8.0,10.21,17.8,26.41,12.62,81.31,2.02
中彰投,2019,21,25.64,1.81,12.79,14.56,34.19,47.99,24.75,78.61,2.6
中彰投,2019,22,26.84,1.91,9.2,11.22,23.81,25.83,11.48,76.59,2.39
中彰投,2019,23,28.02,2.5,7.49,10.03,16.52,19.68,8.96,74.46,2.11
中彰投,2019,24,26.49,2.12,10.3,12.38,30.36,19.71,11.29,81.5,2.15
中彰投,2019,25,28.79,2.23,7.36,9.58,17.6,20.5,8.51,73.29,2.08
中彰投,2019,26,28.55,2.12,7.18,9.32,22.59,18.52,8.15,74.52,2.03
中彰投,2019,27,28.61,1.78,5.88,7.69,18.61,19.67,7.29,73.99,2.02
中彰投,2019,28,29.57,1.81,5.67,7.51,19.09,19.33,10.84,72.0,2.0
中彰投,2019,29,29.38,1.96,7.44,9.3,25.39,26.33,14.27,74.88,2.07
中彰投,2019,30,29.06,2.0,6.87,8.77,21.66,19.81,9.23,75.4,2.17
中彰投,2019,31,29.32,1.75,7.97,9.64,29.34,29.26,16.0,75.63,2.55
中彰投,2019,32,29.04,1.87,6.16,7.93,26.53,29.45,13.51,80.38,2.18
中彰投,2019,33,27.06,1.62,6.31,7.8,27.95,14.17,7.62,84.83,1.91
中彰投,2019,34,28.37,2.0,8.47,10.49,25.67,26.78,15.52,81.29,2.36
中彰投,2019,35,28.79,1.89,8.37,10.25,29.11,31.3,19.03,78.64,2.68
中彰投,2019,36,28.25,1.97,8.5,10.33,27.94,25.66,15.52,79.46,2.46
中彰投,2019,37,28.77,1.28,8.93,10.32,36.34,37.65,23.51,75.53,2.49
中彰投,2019,38,26.28,1.13,8.5,9.72,50.31,36.8,15.55,68.55,2.18
中彰投,2019,39,26.76,2.22,11.43,13.66,30.71,34.71,17.2,76.4,2.32
中彰投,2019,40,27.67,1.92,9.98,11.68,37.55,51.54,35.02,77.12,2.61
中彰投,2019,41,26.93,1.62,11.75,13.32,40.29,48.86,26.87,73.72,2.57
中彰投,2019,42,24.58,1.49,10.19,11.64,42.81,37.24,15.7,68.21,2.19
中彰投,2019,43,24.63,1.91,13.63,15.43,37.63,41.21,21.31,73.39,2.52
中彰投,2019,44,24.6,1.77,12.17,13.99,36.84,51.01,22.54,77.28,2.2
中彰投,2019,45,22.81,1.76,11.99,13.75,39.89,40.46,18.07,69.4,2.21
中彰投,2019,46,22.63,2.49,15.58,17.99,39.2,58.13,31.55,72.29,2.43
中彰投,2019,47,22.25,2.55,11.9,14.36,27.29,31.81,14.65,76.69,2.19
中彰投,2019,48,20.96,2.11,12.22,14.36,30.81,36.6,15.86,73.0,2.21
中彰投,2019,49,16.4,2.45,11.69,14.21,29.67,24.33,11.57,74.8,1.93
中彰投,2019,50,19.25,4.54,17.31,21.83,26.71,45.62,24.7,76.43,2.36
中彰投,2019,51,20.46,5.51,14.83,20.36,19.2,31.68,16.59,81.73,2.22
中彰投,2019,52,19.21,3.32,15.2,18.53,22.16,31.87,15.8,81.21,2.21
北北基桃竹苗,2016,1,18.81,11.49,19.26,30.7,20.04,47.43,24.88,86.46,3.02
北北基桃竹苗,2016,2,15.84,5.53,15.89,21.41,28.82,38.94,20.36,83.34,2.63
北北基桃竹苗,2016,3,15.5,6.28,17.39,23.66,26.31,40.75,21.96,84.26,2.41
北北基桃竹苗,2016,4,12.09,10.51,16.32,26.83,25.36,35.27,15.96,76.77,2.78
北北基桃竹苗,2016,5,14.87,6.49,15.55,21.99,27.1,23.6,9.42,87.72,2.09
北北基桃竹苗,2016,6,14.13,4.92,15.92,20.81,37.66,57.07,31.14,64.5,2.97
北北基桃竹苗,2016,7,15.78,6.41,15.59,22.0,24.54,33.28,17.01,79.29,2.19
北北基桃竹苗,2016,8,14.44,5.17,14.74,19.87,33.65,51.95,21.46,80.18,2.04
北北基桃竹苗,2016,9,15.91,5.6,17.77,23.39,34.8,44.16,20.76,72.96,2.4
北北基桃竹苗,2016,10,18.97,9.57,20.72,30.27,23.48,46.06,25.79,81.48,3.12
北北基桃竹苗,2016,11,14.76,11.26,21.43,32.7,26.5,35.41,18.68,88.98,2.33
北北基桃竹苗,2016,12,17.62,11.28,19.82,31.08,30.97,45.83,24.0,88.69,2.41
北北基桃竹苗,2016,13,15.65,6.33,21.92,28.23,40.76,61.53,33.24,69.63,3.25
北北基桃竹苗,2016,14,23.32,6.69,19.99,26.7,27.34,65.35,39.64,80.62,3.54
北北基桃竹苗,2016,15,21.78,5.63,18.44,24.01,25.84,40.96,23.49,87.94,2.91
北北基桃竹苗,2016,16,22.99,6.82,18.18,24.96,31.91,43.18,21.63,82.28,2.85
北北基桃竹苗,2016,17,24.99,5.41,15.19,20.55,28.48,47.03,26.07,81.38,3.2
北北基桃竹苗,2016,18,24.8,4.53,17.08,21.62,39.73,59.97,34.1,75.11,3.37
北北基桃竹苗,2016,19,26.56,5.38,14.83,20.27,28.89,39.66,20.13,77.05,3.32
北北基桃竹苗,2016,20,24.43,3.64,13.16,16.75,36.04,35.9,17.1,78.45,2.54
北北基桃竹苗,2016,21,25.79,5.84,17.18,22.99,24.38,38.69,21.32,83.93,3.66
北北基桃竹苗,2016,22,29.57,5.12,12.01,17.09,22.67,32.88,13.99,74.09,2.92
北北基桃竹苗,2016,23,28.23,5.19,12.98,18.17,26.0,31.7,14.27,77.35,2.85
北北基桃竹苗,2016,24,27.83,7.04,10.95,17.96,19.36,23.94,8.58,77.47,2.24
北北基桃竹苗,2016,25,29.4,5.34,12.49,17.81,22.79,28.84,12.12,73.46,3.2
北北基桃竹苗,2016,26,29.68,5.26,12.82,18.09,24.26,29.24,13.09,73.77,3.29
北北基桃竹苗,2016,27,29.56,5.2,10.42,15.62,21.09,27.22,10.78,73.32,2.65
北北基桃竹苗,2016,28,29.13,4.88,10.83,15.63,21.99,25.9,9.67,75.72,2.47
北北基桃竹苗,2016,29,29.79,5.75,11.91,17.6,20.78,32.13,13.77,70.72,2.63
北北基桃竹苗,2016,30,30.32,4.4,13.21,17.61,29.96,36.54,19.27,68.73,3.72
北北基桃竹苗,2016,31,30.22,4.06,11.59,15.64,28.31,31.53,14.18,69.82,2.95
北北基桃竹苗,2016,32,29.53,4.83,11.76,16.61,23.04,27.1,11.47,75.28,2.99
北北基桃竹苗,2016,33,28.91,4.54,11.67,16.19,25.1,26.04,10.34,75.98,2.67
北北基桃竹苗,2016,34,29.6,4.57,12.13,16.72,26.98,37.04,16.77,72.24,3.18
北北基桃竹苗,2016,35,28.27,3.57,14.51,18.02,46.33,47.35,23.78,67.38,3.2
北北基桃竹苗,2016,36,28.33,5.13,13.09,18.19,23.26,27.96,12.25,77.97,2.76
北北基桃竹苗,2016,37,27.59,5.88,11.45,17.34,20.44,26.19,9.82,80.57,2.42
北北基桃竹苗,2016,38,26.52,4.36,10.45,14.81,30.6,33.64,12.22,76.16,2.2
北北基桃竹苗,2016,39,27.19,3.81,9.81,13.58,25.55,31.61,13.02,79.17,2.29
北北基桃竹苗,2016,40,27.76,5.88,11.33,17.19,21.8,32.36,13.74,75.55,2.56
北北基桃竹苗,2016,41,24.52,5.66,11.48,17.07,28.01,23.69,8.56,87.36,2.11
北北基桃竹苗,2016,42,27.59,4.78,9.82,14.57,24.6,34.77,15.66,77.19,2.53
北北基桃竹苗,2016,43,27.64,5.41,15.8,21.23,27.97,44.57,21.77,78.25,3.59
北北基桃竹苗,2016,44,22.99,3.54,11.12,14.64,35.58,36.28,13.77,76.3,2.6
北北基桃竹苗,2016,45,22.06,5.33,15.56,20.88,30.31,37.28,16.91,78.54,2.82
北北基桃竹苗,2016,46,23.65,5.82,17.55,23.33,31.97,48.81,22.8,77.17,3.25
北北基桃竹苗,2016,47,22.27,7.24,17.03,24.24,23.78,31.01,13.43,82.4,3.09
北北基桃竹苗,2016,48,20.39,4.5,13.14,17.59,29.44,38.09,14.22,78.96,2.17
北北基桃竹苗,2016,49,20.4,3.91,13.38,17.28,31.64,42.9,17.6,78.93,2.78
北北基桃竹苗,2016,50,19.13,5.04,14.14,19.2,32.06,40.56,16.94,76.59,2.43
北北基桃竹苗,2016,51,19.85,7.66,17.7,25.39,27.13,41.93,20.08,71.86,2.81
北北基桃竹苗,2016,52,17.87,4.64,13.73,18.32,31.54,41.76,18.69,73.49,2.23
北北基桃竹苗,2017,1,21.03,6.69,17.32,23.98,24.68,46.98,23.34,81.77,2.84
北北基桃竹苗,2017,2,17.74,4.28,14.27,18.53,31.18,40.09,20.73,79.91,2.76
北北基桃竹苗,2017,3,16.11,5.2,13.94,19.16,29.23,32.58,13.17,80.3,2.19
北北基桃竹苗,2017,4,15.9,3.92,11.99,15.86,36.61,38.34,16.93,72.29,2.26
北北基桃竹苗,2017,5,17.78,4.58,12.32,16.88,29.93,36.24,17.24,78.22,2.15
北北基桃竹苗,2017,6,15.05,3.93,12.22,16.14,36.93,50.18,25.25,69.28,2.37
北北基桃竹苗,2017,7,17.37,5.82,16.85,22.67,36.55,44.31,21.63,66.09,2.51
北北基桃竹苗,2017,8,17.25,6.43,17.15,23.56,29.89,35.7,18.12,83.3,2.14
北北基桃竹苗,2017,9,15.48,6.21,18.11,24.32,36.11,49.49,24.21,75.0,2.77
北北基桃竹苗,2017,10,16.61,5.88,19.32,25.17,38.12,45.08,23.93,82.34,2.63
北北基桃竹苗,2017,11,17.46,4.68,16.35,21.04,35.54,39.52,18.31,83.88,2.31
北北基桃竹苗,2017,12,19.44,5.11,16.22,21.25,37.08,33.88,15.79,82.67,2.62
北北基桃竹苗,2017,13,18.56,5.1,18.75,23.88,43.94,66.32,32.45,70.54,3.04
北北基桃竹苗,2017,14,21.67,5.21,17.84,22.97,42.62,52.92,29.33,63.33,3.11
北北基桃竹苗,2017,15,22.53,6.1,17.88,23.97,31.12,42.84,21.23,78.84,3.01
北北基桃竹苗,2017,16,24.56,6.04,15.18,21.19,27.63,43.64,22.63,80.38,2.68
北北基桃竹苗,2017,17,20.88,5.75,17.84,23.56,41.05,42.57,18.82,72.67,2.72
北北基桃竹苗,2017,18,25.07,5.06,16.63,21.64,33.94,45.54,25.07,73.38,3.46
北北基桃竹苗,2017,19,26.17,4.72,15.12,19.84,30.72,47.66,19.86,77.13,3.18
北北基桃竹苗,2017,20,24.43,3.38,13.59,16.97,38.82,28.99,13.57,78.56,2.64
北北基桃竹苗,2017,21,24.83,4.04,13.33,17.34,32.5,30.03,13.04,78.82,2.91
北北基桃竹苗,2017,22,26.44,4.27,12.15,16.39,28.9,24.57,11.38,80.91,2.3
北北基桃竹苗,2017,23,28.02,5.16,13.53,18.66,25.47,35.21,18.3,80.41,3.15
北北基桃竹苗,2017,24,25.97,6.07,13.37,19.42,23.34,21.11,8.43,85.69,2.29
北北基桃竹苗,2017,25,28.06,8.06,12.24,20.27,17.51,24.45,10.3,75.94,2.75
北北基桃竹苗,2017,26,29.37,4.7,11.82,16.53,23.82,29.92,13.65,73.68,3.14
北北基桃竹苗,2017,27,28.87,5.79,12.13,17.89,19.44,23.93,9.19,75.99,2.7
北北基桃竹苗,2017,28,29.88,5.31,12.27,17.62,20.75,28.18,12.5,74.42,3.09
北北基桃竹苗,2017,29,30.49,4.55,11.24,15.65,24.49,30.44,14.54,70.3,3.13
北北基桃竹苗,2017,30,30.01,4.25,11.17,15.4,25.46,30.64,15.87,73.94,3.01
北北基桃竹苗,2017,31,29.26,5.17,12.71,17.8,24.3,31.31,14.0,76.63,2.75
北北基桃竹苗,2017,32,31.12,4.64,10.43,15.0,22.43,32.16,14.15,68.87,2.75
北北基桃竹苗,2017,33,30.21,4.6,12.19,16.79,24.98,31.29,17.19,71.84,3.46
北北基桃竹苗,2017,34,29.8,4.48,10.51,14.97,23.42,27.89,13.31,73.54,2.76
北北基桃竹苗,2017,35,29.19,3.85,9.62,13.5,25.53,25.84,11.72,73.5,2.49
北北基桃竹苗,2017,36,28.91,4.84,12.99,17.8,24.9,31.96,15.99,78.98,3.21
北北基桃竹苗,2017,37,28.62,4.96,13.07,18.04,29.72,35.57,16.31,71.91,3.04
北北基桃竹苗,2017,38,28.88,3.54,15.33,18.82,42.85,46.63,26.03,69.03,4.06
北北基桃竹苗,2017,39,29.88,4.31,13.94,18.21,31.33,36.93,19.77,71.71,3.32
北北基桃竹苗,2017,40,28.57,3.15,11.39,14.57,35.67,38.95,19.25,75.39,2.89
北北基桃竹苗,2017,41,27.79,3.73,8.06,11.84,23.6,25.26,10.53,78.69,2.15
北北基桃竹苗,2017,42,24.62,5.85,11.11,17.01,29.47,26.79,10.59,85.47,2.0
北北基桃竹苗,2017,43,22.06,3.84,13.42,17.22,48.35,46.75,21.49,68.42,2.24
北北基桃竹苗,2017,44,21.76,4.24,12.43,16.61,38.5,38.57,16.26,76.25,2.22
北北基桃竹苗,2017,45,23.77,3.85,12.35,16.12,34.06,34.7,15.96,81.1,2.31
北北基桃竹苗,2017,46,22.92,4.99,14.87,19.87,26.46,30.25,14.59,84.9,2.7
北北基桃竹苗,2017,47,18.56,4.85,13.21,18.03,28.07,24.62,10.34,85.57,2.15
北北基桃竹苗,2017,48,21.5,5.2,12.91,18.09,29.57,29.78,13.72,83.97,2.2
北北基桃竹苗,2017,49,16.69,4.97,14.24,19.12,32.14,36.9,17.63,78.65,2.36
北北基桃竹苗,2017,50,17.79,5.48,13.64,19.06,30.31,30.17,13.72,79.85,2.36
北北基桃竹苗,2017,51,16.01,5.15,13.93,19.09,32.73,35.81,17.14,73.24,2.56
北北基桃竹苗,2017,52,18.03,3.85,13.95,17.77,34.6,52.0,25.72,74.23,2.65
北北基桃竹苗,2018,1,18.09,5.06,14.35,19.41,27.84,32.74,14.33,81.94,2.34
北北基桃竹苗,2018,2,12.69,6.29,14.52,20.77,28.73,29.59,12.77,68.75,2.28
北北基桃竹苗,2018,3,18.8,7.12,17.43,24.55,28.6,36.43,18.31,82.6,2.95
北北基桃竹苗,2018,4,16.78,3.76,12.07,15.82,32.43,28.91,11.45,80.49,2.1
北北基桃竹苗,2018,5,11.31,4.06,13.22,17.34,31.12,27.54,15.25,88.33,1.97
北北基桃竹苗,2018,6,11.97,7.43,16.75,24.12,30.15,37.98,18.31,83.56,2.2
北北基桃竹苗,2018,7,17.17,5.35,16.69,22.04,34.61,67.88,27.7,71.08,2.64
北北基桃竹苗,2018,8,16.46,4.87,15.56,20.43,29.96,43.42,22.26,85.32,2.31
北北基桃竹苗,2018,9,19.87,10.04,20.16,30.17,25.67,58.36,30.2,82.23,3.07
北北基桃竹苗,2018,10,16.78,4.16,12.87,17.03,33.82,35.57,16.21,73.72,2.03
北北基桃竹苗,2018,11,20.09,7.07,19.8,26.87,30.71,46.17,23.35,76.31,3.08
北北基桃竹苗,2018,12,18.56,4.06,14.72,18.85,39.35,44.54,20.35,66.94,2.15
北北基桃竹苗,2018,13,22.53,3.93,13.13,17.09,36.01,48.65,22.02,67.97,2.28
北北基桃竹苗,2018,14,21.13,3.63,12.86,16.43,36.33,66.87,27.28,69.75,2.35
北北基桃竹苗,2018,15,23.42,6.48,16.89,23.31,30.15,47.05,21.75,75.16,3.05
北北基桃竹苗,2018,16,22.09,3.49,15.2,18.71,42.97,55.72,24.59,72.68,2.79
北北基桃竹苗,2018,17,23.84,3.65,15.73,19.37,40.8,44.44,24.44,73.98,2.84
北北基桃竹苗,2018,18,25.79,3.81,14.22,17.99,35.48,43.52,22.93,72.69,2.98
北北基桃竹苗,2018,19,25.29,3.49,13.49,16.9,37.41,40.74,17.46,72.71,2.99
北北基桃竹苗,2018,20,28.54,4.64,13.34,18.03,23.89,37.02,19.11,75.3,3.74
北北基桃竹苗,2018,21,28.23,3.57,13.54,17.06,32.04,39.39,19.14,72.13,3.48
北北基桃竹苗,2018,22,27.85,2.98,11.74,14.76,37.18,33.52,16.83,75.64,2.93
北北基桃竹苗,2018,23,28.63,3.91,11.19,15.11,25.56,29.63,13.46,76.09,2.97
北北基桃竹苗,2018,24,26.74,3.04,12.16,15.16,42.27,31.64,14.61,75.37,2.25
北北基桃竹苗,2018,25,28.28,5.12,10.62,15.79,18.49,24.06,9.47,76.95,2.53
北北基桃竹苗,2018,26,29.39,4.23,11.34,15.54,24.34,29.03,14.49,71.84,3.23
北北基桃竹苗,2018,27,29.62,4.66,9.24,13.9,21.68,24.37,9.72,68.52,2.47
北北基桃竹苗,2018,28,29.06,4.37,7.57,11.93,18.4,26.19,11.15,73.69,2.5
北北基桃竹苗,2018,29,29.67,4.7,7.38,12.09,17.73,25.37,11.87,71.95,2.52
北北基桃竹苗,2018,30,29.59,4.75,11.85,16.55,24.16,35.89,17.09,74.91,3.1
北北基桃竹苗,2018,31,30.29,4.14,11.59,15.65,28.24,34.19,15.74,71.57,2.99
北北基桃竹苗,2018,32,29.81,3.66,10.92,14.55,27.37,34.78,19.13,71.79,3.14
北北基桃竹苗,2018,33,28.68,4.11,11.95,16.07,25.73,27.09,11.26,77.94,2.68
北北基桃竹苗,2018,34,28.28,3.75,11.56,15.23,27.12,24.9,10.31,80.23,2.44
北北基桃竹苗,2018,35,27.38,5.87,13.2,19.07,19.91,28.02,11.75,79.14,2.46
北北基桃竹苗,2018,36,28.16,4.03,12.18,16.21,27.98,32.88,15.72,78.46,2.77
北北基桃竹苗,2018,37,28.37,4.55,9.39,13.87,22.24,27.88,11.37,74.95,2.36
北北基桃竹苗,2018,38,29.01,4.11,11.55,15.62,26.06,37.94,20.67,73.57,3.07
北北基桃竹苗,2018,39,25.11,3.32,10.45,13.82,40.9,38.78,13.67,76.77,2.04
北北基桃竹苗,2018,40,24.18,2.83,11.81,14.69,51.02,41.72,17.17,67.79,2.37
北北基桃竹苗,2018,41,22.78,3.15,11.65,14.8,36.59,26.83,11.99,83.77,2.26
北北基桃竹苗,2018,42,22.76,3.17,12.37,15.58,40.1,30.0,12.27,79.13,2.17
北北基桃竹苗,2018,43,23.21,3.94,13.32,17.18,39.21,46.37,18.38,72.85,2.69
北北基桃竹苗,2018,44,21.87,3.37,11.32,14.52,42.19,30.18,11.39,77.57,2.1
北北基桃竹苗,2018,45,24.03,4.91,14.52,19.46,27.5,41.07,21.46,81.79,2.88
北北基桃竹苗,2018,46,22.45,4.28,13.65,17.91,29.45,31.0,14.54,80.19,2.54
北北基桃竹苗,2018,47,20.85,4.15,13.09,17.26,30.5,26.1,12.84,78.96,2.3
北北基桃竹苗,2018,48,20.97,5.11,15.71,20.8,31.86,38.33,18.9,75.12,2.7
北北基桃竹苗,2018,49,20.89,5.81,14.09,19.88,26.66,26.64,12.67,79.62,2.54
北北基桃竹苗,2018,50,18.39,4.59,12.21,16.82,25.33,21.46,10.51,84.35,2.11
北北基桃竹苗,2018,51,19.16,6.55,18.37,24.89,32.15,47.38,22.86,71.82,2.98
北北基桃竹苗,2018,52,16.88,3.66,10.02,13.72,30.24,15.4,7.34,84.35,1.9
北北基桃竹苗,2019,1,18.64,5.36,13.47,18.82,24.45,19.92,10.24,87.3,2.1
北北基桃竹苗,2019,2,19.6,6.24,14.97,21.2,23.22,30.89,14.46,84.87,2.18
北北基桃竹苗,2019,3,16.9,5.61,15.54,21.12,31.48,39.12,19.07,81.25,2.17
北北基桃竹苗,2019,4,15.4,4.52,14.89,19.41,37.8,44.1,20.26,70.47,2.39
北北基桃竹苗,2019,5,18.28,6.45,17.22,23.63,30.05,44.29,23.7,76.03,2.43
北北基桃竹苗,2019,6,17.62,2.87,9.82,12.66,30.88,32.45,16.05,83.67,1.77
北北基桃竹苗,2019,7,18.6,3.9,13.01,16.91,28.59,25.65,12.66,85.97,2.01
北北基桃竹苗,2019,8,18.0,5.09,14.74,19.85,30.24,30.67,15.04,86.15,2.13
北北基桃竹苗,2019,9,18.73,4.09,15.19,19.27,32.82,46.22,23.03,82.83,2.11
北北基桃竹苗,2019,10,16.38,4.71,16.41,21.03,35.01,27.6,15.44,85.47,1.98
北北基桃竹苗,2019,11,19.15,4.11,16.06,20.18,42.84,42.64,21.44,69.8,2.18
北北基桃竹苗,2019,12,20.04,4.95,15.41,20.39,32.76,37.93,19.63,82.48,2.24
北北基桃竹苗,2019,13,20.86,3.66,13.27,16.9,40.02,38.03,17.74,78.02,2.2
北北基桃竹苗,2019,14,22.1,4.56,14.82,19.39,38.38,40.39,22.35,80.6,2.26
北北基桃竹苗,2019,15,21.99,3.85,12.94,16.78,36.87,33.35,17.25,80.0,2.2
北北基桃竹苗,2019,16,23.39,4.36,16.77,21.11,34.33,35.65,20.11,81.7,2.64
北北基桃竹苗,2019,17,26.43,3.97,12.55,16.52,33.25,33.24,17.25,76.36,2.89
北北基桃竹苗,2019,18,22.38,3.08,11.8,14.82,41.04,32.33,14.59,77.41,1.95
北北基桃竹苗,2019,19,22.8,3.37,12.96,16.36,36.31,24.61,12.63,83.94,2.27
北北基桃竹苗,2019,20,26.92,5.32,11.63,16.87,21.96,29.75,15.05,80.76,2.29
北北基桃竹苗,2019,21,25.18,3.63,13.8,17.44,38.22,38.73,17.5,72.41,2.25
北北基桃竹苗,2019,22,26.03,4.32,11.6,15.9,29.85,26.97,11.23,77.88,2.24
北北基桃竹苗,2019,23,28.63,6.48,10.72,17.12,18.25,23.01,10.01,73.63,2.3
北北基桃竹苗,2019,24,25.4,4.38,13.45,17.75,36.36,22.04,11.94,81.43,2.18
北北基桃竹苗,2019,25,28.56,4.48,11.16,15.58,21.26,20.75,9.09,76.46,2.22
北北基桃竹苗,2019,26,28.73,4.73,11.37,16.06,23.62,20.71,9.62,77.19,2.21
北北基桃竹苗,2019,27,29.66,4.34,9.23,13.59,22.19,18.85,8.6,70.74,2.0
北北基桃竹苗,2019,28,30.01,4.25,9.02,13.26,21.29,20.41,11.83,70.29,2.07
北北基桃竹苗,2019,29,29.52,4.3,8.79,13.02,21.01,21.74,10.06,75.83,2.15
北北基桃竹苗,2019,30,29.3,4.3,10.3,14.54,23.81,21.78,11.06,75.99,2.25
北北基桃竹苗,2019,31,30.18,3.98,7.53,11.51,21.57,18.89,10.71,71.78,2.2
北北基桃竹苗,2019,32,29.44,3.78,6.87,10.67,23.16,21.4,10.7,77.52,1.93
北北基桃竹苗,2019,33,29.13,3.54,9.83,13.39,31.51,19.04,11.06,75.74,2.07
北北基桃竹苗,2019,34,28.73,4.06,9.35,13.42,23.3,20.89,10.67,78.31,2.23
北北基桃竹苗,2019,35,29.4,4.65,9.3,13.94,22.64,23.59,14.07,74.84,2.4
北北基桃竹苗,2019,36,27.98,5.44,10.34,15.73,21.56,20.41,11.77,78.81,2.34
北北基桃竹苗,2019,37,28.43,3.86,8.69,12.51,26.96,23.63,13.72,75.27,2.2
北北基桃竹苗,2019,38,24.39,3.4,11.43,14.82,45.1,32.8,14.0,77.67,2.02
北北基桃竹苗,2019,39,25.16,3.91,9.52,13.47,26.01,18.07,8.21,81.1,2.04
北北基桃竹苗,2019,40,27.22,4.68,11.71,16.42,32.67,35.46,23.03,74.82,2.36
北北基桃竹苗,2019,41,25.5,2.7,10.53,13.2,43.84,31.83,16.94,72.03,2.22
北北基桃竹苗,2019,42,22.73,2.85,10.37,13.24,45.4,32.73,13.73,71.21,1.96
北北基桃竹苗,2019,43,23.37,3.27,11.67,14.92,40.56,28.0,13.74,72.58,2.2
北北基桃竹苗,2019,44,22.87,2.66,10.43,13.04,43.54,40.86,17.56,80.72,2.0
北北基桃竹苗,2019,45,21.48,3.35,10.79,14.13,43.23,28.68,12.71,68.28,2.03
北北基桃竹苗,2019,46,21.54,4.62,14.88,19.49,38.78,42.47,21.61,70.88,2.31
北北基桃竹苗,2019,47,20.72,4.31,10.79,15.05,27.98,22.12,9.68,82.93,2.03
北北基桃竹苗,2019,48,19.09,3.54,11.08,14.67,32.25,23.93,11.47,77.43,2.08
北北基桃竹苗,2019,49,15.52,3.98,11.35,15.34,35.75,22.85,10.6,72.8,2.02
北北基桃竹苗,2019,50,19.25,5.89,15.81,21.72,31.07,32.17,16.87,73.94,2.47
北北基桃竹苗,2019,51,19.41,6.56,14.86,21.37,22.39,19.03,10.11,84.36,2.26
北北基桃竹苗,2019,52,18.25,7.25,15.26,22.53,23.4,23.15,12.12,82.15,2.06
宜花東,2016,1,21.12,4.53,10.81,15.33,21.84,28.68,13.23,82.31,2.06
宜花東,2016,2,18.25,3.09,10.35,13.44,26.94,28.18,14.18,80.56,1.79
宜花東,2016,3,17.91,3.99,11.41,15.32,23.72,31.55,16.65,81.62,2.09
宜花東,2016,4,14.35,4.38,10.12,14.4,24.9,26.12,12.48,77.66,1.86
宜花東,2016,5,17.98,3.49,10.21,13.69,25.88,20.11,9.3,81.31,1.71
宜花東,2016,6,16.59,2.47,8.96,11.29,36.91,45.3,23.93,67.76,1.84
宜花東,2016,7,18.08,3.1,9.28,12.34,24.65,26.18,13.3,77.34,1.75
宜花東,2016,8,17.77,2.56,9.59,12.08,33.91,42.43,18.78,74.52,1.79
宜花東,2016,9,18.0,2.59,9.15,11.59,35.38,39.35,17.12,69.75,1.8
宜花東,2016,10,21.11,3.19,8.96,12.1,24.96,29.09,14.01,78.42,1.94
宜花東,2016,11,17.6,3.91,11.18,15.01,28.29,27.09,13.41,82.69,1.8
宜花東,2016,12,20.34,3.89,10.51,14.41,29.76,37.27,19.1,84.08,1.85
宜花東,2016,13,17.56,2.29,10.19,12.51,41.97,45.96,23.56,70.83,2.05
宜花東,2016,14,24.3,2.41,9.02,11.44,28.65,45.96,24.02,78.02,2.08
宜花東,2016,15,24.11,2.56,9.51,11.94,26.35,32.63,15.9,81.95,2.09
宜花東,2016,16,24.79,2.83,8.57,11.25,29.06,32.54,13.85,77.62,2.07
宜花東,2016,17,26.06,2.59,7.48,10.05,25.14,34.19,16.04,78.99,2.13
宜花東,2016,18,25.34,2.36,7.93,10.19,35.18,47.86,22.84,75.99,2.11
宜花東,2016,19,27.12,2.3,6.75,9.03,24.27,29.17,10.97,77.4,1.74
宜花東,2016,20,25.48,2.05,6.6,8.62,31.65,26.16,10.72,79.95,1.81
宜花東,2016,21,26.31,2.54,7.52,9.95,23.87,25.5,11.34,85.3,1.98
宜花東,2016,22,29.32,2.35,6.12,8.46,20.49,27.28,10.24,76.89,2.01
宜花東,2016,23,28.17,2.25,6.11,8.3,21.86,23.14,9.3,78.8,1.81
宜花東,2016,24,27.34,3.57,6.73,9.59,16.37,23.61,7.79,82.29,1.74
宜花東,2016,25,29.22,2.75,5.38,8.18,17.2,22.54,8.24,74.49,1.96
宜花東,2016,26,29.72,2.79,5.32,8.21,15.52,22.43,7.59,74.66,1.92
宜花東,2016,27,29.88,2.88,4.96,7.88,14.68,21.16,7.0,72.73,1.7
宜花東,2016,28,28.37,2.49,5.44,7.93,22.14,26.5,7.7,81.96,1.73
宜花東,2016,29,29.92,2.68,5.87,8.48,20.68,28.36,10.53,72.56,2.0
宜花東,2016,30,30.13,2.39,5.56,7.92,22.18,26.44,11.93,70.57,2.12
宜花東,2016,31,29.19,2.37,5.63,8.0,21.24,28.69,9.94,74.65,1.92
宜花東,2016,32,29.47,2.35,5.58,7.75,23.39,23.68,9.89,75.22,1.94
宜花東,2016,33,28.22,2.5,5.95,8.25,20.46,21.64,7.23,80.16,1.94
宜花東,2016,34,29.22,2.38,5.95,8.34,25.16,29.38,12.73,74.29,2.04
宜花東,2016,35,27.84,2.15,7.08,9.04,36.73,38.01,17.24,74.39,2.05
宜花東,2016,36,27.87,2.71,6.57,9.27,21.02,25.36,9.9,80.46,1.96
宜花東,2016,37,27.33,2.74,5.31,8.15,19.63,20.92,6.82,83.77,1.95
宜花東,2016,38,26.8,2.48,6.12,8.68,27.76,29.26,10.88,78.82,1.83
宜花東,2016,39,27.32,2.27,5.29,7.66,28.02,36.37,12.17,80.47,1.69
宜花東,2016,40,27.11,2.92,6.15,9.17,18.44,25.71,9.87,79.72,2.03
宜花東,2016,41,25.32,3.39,6.58,9.84,18.28,17.63,6.23,87.76,1.75
宜花東,2016,42,27.04,3.2,6.09,9.3,18.8,29.35,10.56,78.84,1.87
宜花東,2016,43,27.49,2.59,6.79,9.39,21.17,28.43,9.63,81.16,1.95
宜花東,2016,44,24.45,2.11,6.62,8.69,33.11,38.5,10.69,76.19,1.88
宜花東,2016,45,22.99,2.48,7.9,10.54,28.96,31.91,11.0,76.56,1.8
宜花東,2016,46,23.9,2.55,8.64,11.2,29.48,40.76,16.89,76.58,1.96
宜花東,2016,47,23.35,3.23,8.6,11.95,22.75,27.49,10.92,82.18,1.87
宜花東,2016,48,21.27,2.8,9.37,12.19,26.17,33.46,11.82,81.59,1.71
宜花東,2016,49,22.05,2.53,9.44,12.03,28.96,40.32,16.45,78.67,1.99
宜花東,2016,50,20.58,2.66,9.28,11.93,29.45,33.36,13.52,77.86,1.95
宜花東,2016,51,20.41,3.3,9.73,13.16,23.93,34.5,14.85,74.8,2.01
宜花東,2016,52,19.31,2.68,9.28,11.94,27.82,41.75,16.2,73.42,1.83
宜花東,2017,1,22.06,2.96,8.94,11.91,24.41,33.89,14.95,75.06,1.86
宜花東,2017,2,19.33,2.5,9.86,12.28,29.42,38.29,17.81,79.95,1.9
宜花東,2017,3,18.07,2.81,9.33,12.18,28.21,30.95,12.54,78.54,1.79
宜花東,2017,4,17.55,2.34,8.92,11.38,32.77,35.79,15.5,72.94,1.84
宜花東,2017,5,19.39,2.22,7.37,9.47,29.75,28.48,11.94,77.68,1.76
宜花東,2017,6,17.06,2.4,8.5,10.71,33.97,47.48,22.17,71.99,1.92
宜花東,2017,7,18.08,2.59,9.18,11.77,33.21,37.16,17.03,70.05,1.85
宜花東,2017,8,20.01,2.79,9.93,12.67,29.12,31.57,14.47,81.22,1.81
宜花東,2017,9,17.68,2.21,9.56,11.73,36.99,43.12,20.38,75.29,1.73
宜花東,2017,10,18.55,2.47,10.88,13.46,35.96,34.31,17.81,82.5,1.8
宜花東,2017,11,20.03,2.59,8.87,11.24,33.55,31.74,14.65,80.35,1.65
宜花東,2017,12,21.77,2.33,8.31,10.65,35.65,29.75,13.73,81.83,1.81
宜花東,2017,13,19.7,2.31,8.9,11.05,40.01,48.9,21.69,74.32,1.56
宜花東,2017,14,21.89,1.91,8.03,9.93,38.8,42.81,20.44,67.43,1.86
宜花東,2017,15,23.2,2.48,8.62,11.11,31.07,33.61,15.57,80.71,1.86
宜花東,2017,16,25.23,2.64,6.99,9.46,24.71,34.0,15.39,79.98,2.02
宜花東,2017,17,21.77,2.39,8.32,10.63,39.55,34.25,14.48,76.73,1.82
宜花東,2017,18,25.35,2.27,6.85,9.08,29.07,32.94,15.4,75.13,1.79
宜花東,2017,19,27.06,2.36,6.42,8.92,27.17,32.62,12.5,75.81,2.19
宜花東,2017,20,24.34,2.11,7.42,9.33,35.51,25.55,10.97,82.07,2.08
宜花東,2017,21,25.08,2.28,6.69,8.89,29.67,23.33,8.83,81.67,1.76
宜花東,2017,22,25.89,2.45,7.15,9.36,26.09,21.78,8.88,84.23,1.82
宜花東,2017,23,27.84,2.93,5.85,8.74,18.22,24.66,9.19,79.44,2.0
宜花東,2017,24,27.13,2.82,6.53,9.34,20.02,26.35,6.84,82.02,1.73
宜花東,2017,25,28.43,3.2,6.89,10.07,19.44,28.47,9.64,74.71,2.25
宜花東,2017,26,29.56,2.59,5.84,8.34,18.13,28.04,10.83,72.62,2.46
宜花東,2017,27,28.71,3.32,5.12,8.5,12.72,21.63,6.6,75.03,2.13
宜花東,2017,28,29.78,2.75,5.31,8.04,15.24,21.24,7.63,71.79,2.18
宜花東,2017,29,29.58,2.76,5.42,8.25,15.44,22.86,9.1,72.01,2.19
宜花東,2017,30,29.69,2.46,5.22,7.64,17.68,24.44,9.69,73.47,2.04
宜花東,2017,31,28.86,2.5,5.6,7.97,22.54,32.68,12.35,79.02,2.05
宜花東,2017,32,31.0,2.15,5.77,7.99,25.17,33.31,14.1,69.57,2.13
宜花東,2017,33,30.55,2.28,5.34,7.69,21.69,27.39,12.63,70.92,2.01
宜花東,2017,34,29.01,2.48,5.23,7.71,18.81,25.71,8.91,76.93,1.81
宜花東,2017,35,28.21,2.62,6.06,8.64,17.43,24.08,8.66,77.93,1.77
宜花東,2017,36,29.05,2.11,5.66,7.83,19.52,28.1,10.43,77.84,1.89
宜花東,2017,37,29.16,2.38,5.67,8.03,24.03,29.71,12.25,71.68,1.85
宜花東,2017,38,28.43,2.08,6.14,8.26,29.42,33.38,16.08,75.34,2.14
宜花東,2017,39,29.23,2.32,6.2,8.49,22.72,27.06,12.11,74.65,2.05
宜花東,2017,40,28.3,1.71,6.1,7.88,27.52,33.61,14.5,77.16,1.91
宜花東,2017,41,27.22,2.65,6.1,8.83,19.16,23.55,8.41,82.7,1.72
宜花東,2017,42,26.02,2.41,5.98,8.41,26.45,27.09,9.01,81.18,1.49
宜花東,2017,43,23.12,1.85,7.53,9.49,42.65,46.92,19.24,69.76,1.68
宜花東,2017,44,23.28,2.0,7.76,9.8,35.28,46.0,13.84,71.65,1.76
宜花東,2017,45,24.1,2.28,8.23,10.45,26.06,31.17,12.69,82.13,1.76
宜花東,2017,46,23.99,2.59,8.14,10.57,24.63,27.86,11.3,83.16,1.81
宜花東,2017,47,21.2,2.56,8.65,11.06,27.36,29.32,11.07,79.21,1.66
宜花東,2017,48,23.14,2.16,7.89,10.0,26.76,30.26,11.48,79.66,1.69
宜花東,2017,49,18.97,2.4,9.29,11.55,30.78,35.16,15.64,77.43,1.68
宜花東,2017,50,19.02,2.48,9.42,11.84,27.43,32.25,13.79,79.85,1.83
宜花東,2017,51,17.75,2.02,8.29,10.42,30.68,33.53,13.62,70.6,1.8
宜花東,2017,52,19.1,1.71,9.2,11.05,32.47,44.17,21.1,76.89,1.83
宜花東,2018,1,19.1,2.71,9.36,12.06,24.86,29.94,13.86,83.31,1.76
宜花東,2018,2,14.45,2.42,8.79,11.19,29.43,30.24,13.42,72.33,2.15
宜花東,2018,3,20.01,2.95,10.34,13.21,25.81,31.9,15.52,81.46,2.26
宜花東,2018,4,18.83,1.8,8.59,10.44,31.18,30.41,12.18,80.66,2.0
宜花東,2018,5,15.09,2.11,8.9,10.94,30.86,23.81,10.56,79.71,1.56
宜花東,2018,6,14.52,3.25,10.34,13.6,27.85,28.83,13.11,81.13,1.7
宜花東,2018,7,18.68,1.9,8.38,10.36,32.92,46.93,18.05,74.76,1.95
宜花東,2018,8,20.04,2.05,8.42,10.5,30.38,31.4,13.93,80.3,1.9
宜花東,2018,9,22.1,2.85,8.65,11.51,27.41,38.1,16.3,79.65,2.15
宜花東,2018,10,19.06,1.8,7.37,9.2,32.81,33.08,12.83,73.56,1.84
宜花東,2018,11,21.66,2.04,8.17,10.26,33.4,33.12,14.26,74.05,2.02
宜花東,2018,12,20.18,1.67,7.68,9.39,37.08,39.9,16.02,71.15,2.01
宜花東,2018,13,22.34,1.64,6.63,8.36,32.99,39.78,15.97,71.4,2.01
宜花東,2018,14,22.16,1.52,6.66,8.25,32.81,54.33,17.5,71.02,2.02
宜花東,2018,15,24.18,2.41,6.78,9.21,27.77,33.01,11.61,75.29,2.1
宜花東,2018,16,22.67,1.46,7.31,8.85,36.23,39.43,14.66,77.55,2.05
宜花東,2018,17,24.09,1.89,7.07,8.86,36.41,36.14,15.26,79.91,2.0
宜花東,2018,18,25.72,1.66,6.55,8.31,29.49,34.36,13.32,77.14,2.04
宜花東,2018,19,25.31,1.94,6.78,8.76,29.45,33.14,11.94,77.18,2.05
宜花東,2018,20,28.92,2.24,5.47,7.71,18.61,25.57,10.29,75.39,2.28
宜花東,2018,21,28.38,1.92,6.09,8.0,27.49,31.23,12.79,74.41,2.18
宜花東,2018,22,28.37,1.58,5.66,7.28,31.24,27.06,10.96,75.49,2.09
宜花東,2018,23,28.81,2.11,4.88,7.08,20.19,22.43,8.75,76.58,2.04
宜花東,2018,24,26.63,1.39,5.88,7.38,38.14,27.17,11.17,81.21,1.95
宜花東,2018,25,27.47,2.44,5.68,8.1,16.6,25.81,7.75,82.87,2.08
宜花東,2018,26,28.82,2.08,5.09,7.19,18.01,25.12,10.32,74.75,2.23
宜花東,2018,27,28.45,2.51,6.78,9.33,18.93,27.29,9.4,75.3,2.19
宜花東,2018,28,28.7,2.22,4.31,6.57,15.46,22.91,7.28,74.92,2.03
宜花東,2018,29,28.67,2.95,4.12,6.94,13.54,21.68,7.06,77.15,2.12
宜花東,2018,30,29.3,2.29,5.22,7.64,19.35,27.3,10.3,74.41,2.27
宜花東,2018,31,29.94,1.93,5.5,7.43,24.96,28.86,12.12,71.51,2.29
宜花東,2018,32,29.38,1.93,5.04,6.92,24.1,27.01,12.05,71.48,2.25
宜花東,2018,33,28.35,2.19,5.74,7.89,21.24,23.62,7.31,80.76,1.87
宜花東,2018,34,27.77,1.94,5.47,7.41,23.4,22.8,6.41,82.79,1.77
宜花東,2018,35,26.52,2.83,5.24,8.05,14.54,22.99,6.01,84.19,1.52
宜花東,2018,36,28.36,2.07,5.17,7.17,19.72,28.35,9.8,76.4,1.99
宜花東,2018,37,27.69,2.48,4.77,7.25,17.29,25.29,7.74,80.41,1.65
宜花東,2018,38,28.44,2.26,4.74,7.03,16.5,25.21,9.08,76.29,1.81
宜花東,2018,39,26.64,1.78,5.26,6.96,32.27,34.45,9.77,75.96,1.67
宜花東,2018,40,25.48,1.38,6.11,7.59,45.23,44.2,15.13,69.28,1.87
宜花東,2018,41,23.95,1.7,6.76,8.39,31.32,23.48,9.37,83.71,1.85
宜花東,2018,42,23.91,1.69,6.92,8.67,37.13,28.24,11.57,80.74,1.82
宜花東,2018,43,23.98,2.02,7.04,8.98,34.7,40.6,14.68,75.51,2.02
宜花東,2018,44,22.54,2.82,8.51,11.09,33.94,31.3,9.94,80.22,1.83
宜花東,2018,45,24.87,2.65,6.86,9.5,20.64,29.76,10.79,80.69,2.03
宜花東,2018,46,23.5,2.22,7.51,9.88,26.72,27.1,11.65,79.12,2.09
宜花東,2018,47,22.11,2.1,7.46,9.57,28.02,23.81,9.98,78.73,2.0
宜花東,2018,48,21.54,2.52,8.25,10.77,26.87,30.2,12.47,76.45,1.96
宜花東,2018,49,22.74,2.4,7.89,10.19,25.29,25.35,9.23,78.3,1.87
宜花東,2018,50,20.91,2.36,8.19,10.54,25.8,21.83,9.12,80.35,1.53
宜花東,2018,51,19.97,2.47,9.03,11.49,28.29,35.26,14.57,74.31,1.85
宜花東,2018,52,19.33,2.05,7.37,9.38,28.58,19.75,7.62,79.36,1.69
宜花東,2019,1,20.43,2.89,8.85,11.69,23.36,20.29,9.0,85.26,1.47
宜花東,2019,2,21.46,2.75,8.84,11.64,24.33,23.63,10.16,80.84,1.54
宜花東,2019,3,19.31,1.94,8.39,10.42,31.52,27.39,12.99,77.38,1.4
宜花東,2019,4,17.4,2.12,9.08,11.21,34.46,38.27,17.47,72.8,1.73
宜花東,2019,5,20.15,2.39,8.54,10.93,29.58,28.43,12.89,77.31,1.87
宜花東,2019,6,20.96,1.45,6.16,7.67,28.84,25.25,12.42,78.47,1.51
宜花東,2019,7,21.66,1.98,7.01,9.0,26.92,20.99,9.21,79.63,1.42
宜花東,2019,8,21.3,1.98,7.86,9.84,28.12,25.7,11.26,80.45,1.7
宜花東,2019,9,21.87,2.0,7.42,9.37,30.95,31.99,14.46,79.06,1.67
宜花東,2019,10,19.24,2.02,9.04,11.06,33.7,22.84,11.74,83.95,1.89
宜花東,2019,11,20.49,1.63,8.07,9.78,39.65,37.99,17.96,72.13,1.81
宜花東,2019,12,21.99,2.15,7.94,10.14,29.69,28.53,14.06,78.3,1.74
宜花東,2019,13,22.42,1.53,7.18,8.78,36.02,30.49,14.41,78.42,1.48
宜花東,2019,14,23.76,1.69,6.99,8.73,33.3,28.0,14.6,77.42,1.55
宜花東,2019,15,23.95,1.56,6.27,7.85,35.57,27.84,12.84,77.42,1.5
宜花東,2019,16,24.41,1.75,7.49,9.26,29.16,26.73,12.53,80.83,1.68
宜花東,2019,17,27.42,1.87,5.72,7.51,28.33,27.37,12.64,75.57,1.94
宜花東,2019,18,23.2,1.36,6.38,7.82,35.25,28.31,11.39,80.37,1.56
宜花東,2019,19,24.5,1.91,6.62,8.46,30.02,21.13,9.45,81.88,1.5
宜花東,2019,20,27.26,2.59,6.44,9.06,19.01,25.5,10.38,81.54,1.64
宜花東,2019,21,24.61,1.63,6.24,7.86,33.48,33.48,13.29,79.73,1.66
宜花東,2019,22,26.63,2.01,5.89,7.85,25.24,22.87,9.08,81.03,1.39
宜花東,2019,23,28.61,2.74,5.51,8.21,14.61,23.17,8.14,77.11,1.44
宜花東,2019,24,25.98,2.18,6.49,8.59,29.25,20.67,8.87,83.61,1.42
宜花東,2019,25,29.26,2.16,5.76,7.89,21.26,24.51,10.34,75.86,1.69
宜花東,2019,26,29.19,1.99,5.07,7.08,18.87,17.78,7.03,77.17,1.36
宜花東,2019,27,29.55,2.06,5.38,7.52,19.67,23.76,8.38,75.04,1.74
宜花東,2019,28,30.18,2.11,5.17,7.16,20.7,21.39,10.9,71.56,1.76
宜花東,2019,29,29.41,1.95,5.0,7.12,17.81,21.69,7.83,76.84,1.63
宜花東,2019,30,29.38,1.85,4.56,6.5,17.23,17.61,7.49,75.49,1.4
宜花東,2019,31,29.36,2.26,3.86,6.06,15.29,14.5,6.96,73.98,1.48
宜花東,2019,32,29.69,2.07,4.4,6.27,19.99,23.9,8.82,74.32,1.52
宜花東,2019,33,28.19,1.55,5.6,7.22,24.81,24.65,10.19,79.66,1.41
宜花東,2019,34,27.82,1.98,4.42,6.36,20.99,30.0,7.41,80.95,1.5
宜花東,2019,35,28.75,2.55,4.19,6.66,13.99,16.6,6.99,76.92,1.51
宜花東,2019,36,27.52,2.42,4.97,7.37,18.17,16.74,6.09,79.55,1.47
宜花東,2019,37,28.52,1.72,4.53,6.3,22.63,21.65,10.03,74.61,1.47
宜花東,2019,38,26.3,1.28,5.53,6.91,41.72,33.56,11.5,73.8,1.4
宜花東,2019,39,26.04,1.96,5.69,7.52,26.13,21.1,9.59,78.73,1.59
宜花東,2019,40,26.9,1.88,5.54,7.32,25.51,26.55,15.19,75.99,1.54
宜花東,2019,41,25.81,1.2,5.47,6.68,40.3,30.55,16.52,74.95,1.47
宜花東,2019,42,24.09,1.38,5.96,7.29,40.34,30.77,13.31,71.95,1.78
宜花東,2019,43,24.04,1.37,6.28,7.65,37.35,27.1,14.3,74.72,1.56
宜花東,2019,44,24.23,1.66,7.04,8.69,34.96,30.03,13.71,80.08,1.43
宜花東,2019,45,22.36,1.8,6.87,8.5,38.88,28.33,12.11,72.16,1.67
宜花東,2019,46,22.62,1.66,7.58,9.28,36.82,36.15,16.17,70.21,1.83
宜花東,2019,47,22.9,2.07,7.0,9.02,28.52,24.0,9.19,77.1,1.51
宜花東,2019,48,20.77,1.98,7.08,8.89,30.9,21.51,9.18,75.66,1.41
宜花東,2019,49,17.26,2.12,7.43,9.51,31.39,19.36,8.71,73.94,1.37
宜花東,2019,50,20.52,2.25,8.06,10.21,31.47,27.65,13.81,71.91,1.54
宜花東,2019,51,21.54,2.68,8.18,10.9,22.72,17.06,8.44,80.4,1.56
宜花東,2019,52,19.93,2.74,8.55,11.26,24.79,18.44,8.93,80.31,1.5
雲嘉南,2016,1,20.5,5.07,17.01,21.97,20.62,69.38,38.0,84.37,2.98
雲嘉南,2016,2,18.04,2.54,15.67,18.13,26.42,55.26,30.05,80.43,2.99
雲嘉南,2016,3,17.83,3.89,19.2,23.09,21.9,59.57,35.44,80.47,3.16
雲嘉南,2016,4,13.87,3.16,15.04,18.21,25.91,49.91,25.43,74.21,2.99
雲嘉南,2016,5,16.76,3.01,15.34,18.3,23.45,41.31,20.11,83.32,2.06
雲嘉南,2016,6,15.57,1.95,13.68,15.57,40.55,79.28,45.72,65.43,3.05
雲嘉南,2016,7,18.66,3.72,16.3,19.99,20.17,50.65,25.88,74.81,3.01
雲嘉南,2016,8,17.71,2.53,17.02,19.5,29.93,83.96,41.81,74.38,3.3
雲嘉南,2016,9,18.21,2.67,16.59,19.15,35.12,82.89,40.4,71.86,3.35
雲嘉南,2016,10,21.44,3.08,16.28,19.33,25.7,63.32,37.66,75.7,3.63
雲嘉南,2016,11,17.41,4.16,19.72,23.82,22.01,53.24,32.18,84.86,3.05
雲嘉南,2016,12,20.57,2.99,16.06,19.02,24.18,67.3,38.25,85.44,2.52
雲嘉南,2016,13,18.34,1.96,16.07,18.04,45.41,76.91,46.01,67.93,3.23
雲嘉南,2016,14,25.43,2.03,11.67,13.68,30.43,70.96,42.84,76.37,3.14
雲嘉南,2016,15,24.87,1.99,11.44,13.4,29.03,49.85,27.81,80.52,2.92
雲嘉南,2016,16,25.6,2.26,11.08,13.39,29.41,49.2,24.71,79.14,2.98
雲嘉南,2016,17,27.17,2.03,9.88,11.94,25.77,43.91,21.71,76.81,2.99
雲嘉南,2016,18,26.62,2.05,11.1,13.37,33.36,63.42,35.88,73.46,3.23
雲嘉南,2016,19,28.61,2.03,9.78,11.84,25.21,39.83,17.91,74.57,3.02
雲嘉南,2016,20,26.9,1.76,10.87,12.58,40.09,54.1,25.67,74.21,3.16
雲嘉南,2016,21,27.62,1.97,10.3,12.23,29.49,48.65,24.34,80.5,3.0
雲嘉南,2016,22,30.17,1.95,6.27,8.08,18.63,31.53,10.26,72.95,2.38
雲嘉南,2016,23,28.98,1.88,6.81,8.56,23.69,29.77,10.79,77.49,2.1
雲嘉南,2016,24,27.47,2.64,7.42,9.98,19.21,25.74,8.19,83.71,2.02
雲嘉南,2016,25,29.86,2.41,7.57,9.98,19.71,32.4,11.6,74.92,2.88
雲嘉南,2016,26,30.57,2.5,7.14,9.61,19.02,32.5,11.98,72.71,2.8
雲嘉南,2016,27,29.93,2.2,7.52,9.79,23.49,34.43,13.35,74.51,2.86
雲嘉南,2016,28,28.13,1.86,5.57,7.35,22.39,22.65,7.53,82.27,2.02
雲嘉南,2016,29,29.99,2.17,6.1,8.29,17.88,31.03,12.1,74.41,2.25
雲嘉南,2016,30,30.86,1.9,6.28,8.08,23.52,31.35,15.03,69.45,2.64
雲嘉南,2016,31,29.87,1.95,7.82,9.58,30.5,35.5,16.74,76.4,2.68
雲嘉南,2016,32,29.86,1.85,7.43,9.01,31.8,33.84,16.33,77.47,3.02
雲嘉南,2016,33,28.27,2.07,8.12,10.11,23.97,27.87,11.31,81.87,2.41
雲嘉南,2016,34,29.82,1.81,6.99,8.77,32.77,42.76,22.12,76.88,2.95
雲嘉南,2016,35,29.2,1.34,8.96,10.16,49.44,55.63,32.25,73.59,3.03
雲嘉南,2016,36,27.07,2.35,7.98,10.29,22.37,22.05,8.93,86.46,2.13
雲嘉南,2016,37,28.23,2.41,7.4,9.94,22.69,30.49,12.11,79.4,2.86
雲嘉南,2016,38,28.08,2.07,10.05,12.02,36.76,48.48,22.27,75.15,3.09
雲嘉南,2016,39,27.97,1.85,8.7,10.53,33.93,50.74,22.11,79.64,2.96
雲嘉南,2016,40,28.06,2.11,11.02,13.13,33.12,50.66,27.19,79.11,3.08
雲嘉南,2016,41,26.18,2.3,10.98,13.22,23.41,38.17,15.83,83.75,2.53
雲嘉南,2016,42,28.11,2.1,11.91,14.13,36.35,71.4,37.28,78.55,3.23
雲嘉南,2016,43,28.78,2.23,10.05,12.36,26.7,48.91,23.41,77.2,3.33
雲嘉南,2016,44,25.52,2.11,12.93,14.98,35.46,70.54,30.72,72.15,3.47
雲嘉南,2016,45,24.47,2.19,14.03,16.31,34.17,62.7,30.08,72.97,3.06
雲嘉南,2016,46,24.92,2.48,16.28,18.73,36.69,89.73,49.4,77.39,3.96
雲嘉南,2016,47,24.42,3.53,16.21,19.75,24.84,65.15,34.6,79.65,3.38
雲嘉南,2016,48,21.83,2.87,15.46,18.44,24.33,53.01,22.76,80.02,2.99
雲嘉南,2016,49,22.08,2.67,16.63,19.28,27.67,75.09,35.54,76.79,3.48
雲嘉南,2016,50,21.27,3.67,16.99,20.58,28.43,75.09,32.97,74.01,3.1
雲嘉南,2016,51,20.78,3.15,17.98,21.31,28.15,78.64,42.59,74.88,3.37
雲嘉南,2016,52,19.28,3.49,17.22,20.68,25.87,75.98,33.6,75.81,3.17
雲嘉南,2017,1,21.13,3.61,15.01,18.61,28.75,86.27,46.02,82.6,3.05
雲嘉南,2017,2,19.98,3.22,16.84,20.13,26.53,72.11,36.55,77.07,3.4
雲嘉南,2017,3,18.46,2.98,15.03,18.09,25.93,62.93,27.35,75.01,3.19
雲嘉南,2017,4,17.88,2.62,14.9,17.5,31.78,72.26,31.1,69.41,3.26
雲嘉南,2017,5,19.36,2.15,11.4,13.57,29.74,69.7,28.36,75.23,2.9
雲嘉南,2017,6,17.11,2.44,14.42,16.73,30.97,85.68,40.45,69.55,3.26
雲嘉南,2017,7,18.37,3.14,15.33,18.4,35.03,79.58,39.2,68.54,2.99
雲嘉南,2017,8,20.17,2.92,14.99,17.89,27.8,73.33,36.05,77.27,3.0
雲嘉南,2017,9,18.57,2.01,15.01,17.0,38.03,78.05,38.05,68.07,3.5
雲嘉南,2017,10,19.9,2.33,16.45,18.81,33.47,68.83,38.78,75.87,3.03
雲嘉南,2017,11,21.41,2.18,14.96,17.19,35.75,70.0,36.88,74.22,3.07
雲嘉南,2017,12,23.23,1.98,13.45,15.49,38.13,71.02,34.43,73.11,3.11
雲嘉南,2017,13,21.34,2.0,14.82,16.45,42.89,78.44,38.99,68.18,3.04
雲嘉南,2017,14,23.42,1.73,12.17,13.85,45.72,65.5,33.86,61.93,3.2
雲嘉南,2017,15,24.65,2.27,13.19,15.54,26.17,50.57,26.04,77.54,3.06
雲嘉南,2017,16,26.86,1.93,9.02,10.73,29.82,44.79,22.38,75.37,2.73
雲嘉南,2017,17,23.52,1.97,13.43,15.16,43.85,63.97,33.56,73.66,3.26
雲嘉南,2017,18,27.21,1.82,11.49,13.2,38.02,58.43,30.52,67.32,3.18
雲嘉南,2017,19,28.69,1.91,9.43,11.19,31.34,56.18,24.49,71.03,3.17
雲嘉南,2017,20,26.27,1.58,11.04,12.48,37.65,44.85,21.76,77.28,3.03
雲嘉南,2017,21,27.79,1.85,10.11,11.74,34.39,45.04,19.91,74.59,3.07
雲嘉南,2017,22,27.73,1.78,7.37,8.89,28.52,37.89,14.99,82.02,2.31
雲嘉南,2017,23,29.39,2.1,7.88,10.03,23.36,35.88,14.48,76.76,2.9
雲嘉南,2017,24,28.4,2.15,6.56,8.72,16.31,25.82,7.69,79.5,2.01
雲嘉南,2017,25,29.24,2.35,6.93,9.33,14.78,25.27,9.36,74.98,2.38
雲嘉南,2017,26,30.1,1.95,6.6,8.39,19.47,29.05,10.74,71.19,2.09
雲嘉南,2017,27,29.17,2.28,7.21,9.49,19.86,26.89,9.49,75.74,2.58
雲嘉南,2017,28,29.68,1.96,8.08,9.81,23.62,32.15,12.33,73.45,2.89
雲嘉南,2017,29,29.46,1.78,8.72,10.34,32.37,43.59,20.62,74.03,2.96
雲嘉南,2017,30,29.44,1.49,7.53,8.98,29.37,37.67,18.22,76.17,3.0
雲嘉南,2017,31,28.44,1.8,6.29,7.96,22.5,29.19,10.53,81.77,2.0
雲嘉南,2017,32,30.34,1.89,5.1,6.88,16.22,30.74,11.17,75.02,1.99
雲嘉南,2017,33,30.61,2.0,6.26,8.19,18.41,26.76,11.37,70.65,2.22
雲嘉南,2017,34,29.86,1.73,8.4,10.02,26.99,40.51,17.97,77.6,2.93
雲嘉南,2017,35,29.14,1.83,8.67,10.27,28.93,42.35,20.61,80.53,2.92
雲嘉南,2017,36,29.76,1.78,7.07,8.73,24.8,30.87,14.61,78.19,2.68
雲嘉南,2017,37,29.96,1.99,9.19,11.09,31.91,46.64,19.86,72.87,2.97
雲嘉南,2017,38,30.1,1.41,10.72,12.08,48.46,63.95,35.81,69.72,3.9
雲嘉南,2017,39,30.11,1.84,8.86,10.59,29.16,41.64,20.26,76.36,2.97
雲嘉南,2017,40,29.96,1.21,9.42,10.67,37.96,57.44,27.25,76.27,3.09
雲嘉南,2017,41,28.97,1.96,10.79,12.73,31.1,59.21,22.94,78.05,3.0
雲嘉南,2017,42,26.48,1.92,9.86,11.79,29.61,48.16,14.84,81.48,2.19
雲嘉南,2017,43,23.71,1.63,13.73,15.33,46.96,77.23,30.4,67.98,3.08
雲嘉南,2017,44,23.73,1.94,13.63,15.52,37.59,85.29,25.4,71.72,2.88
雲嘉南,2017,45,24.76,1.82,13.87,15.72,30.82,78.94,31.93,81.32,2.99
雲嘉南,2017,46,24.72,2.65,14.62,17.23,26.58,69.81,30.9,82.29,3.05
雲嘉南,2017,47,21.64,1.93,14.26,16.16,27.11,66.94,21.03,75.79,2.99
雲嘉南,2017,48,23.15,1.94,13.22,15.14,29.58,76.19,28.1,79.97,2.85
雲嘉南,2017,49,18.73,2.3,15.79,18.07,27.09,71.02,28.91,76.2,2.86
雲嘉南,2017,50,19.23,3.41,16.53,19.95,25.41,69.36,28.5,79.2,3.05
雲嘉南,2017,51,17.45,2.17,14.82,16.99,30.19,73.28,27.69,71.42,2.93
雲嘉南,2017,52,19.59,2.26,15.48,17.75,32.34,94.09,43.51,75.28,3.07
雲嘉南,2018,1,19.03,3.21,15.83,19.02,22.56,65.28,30.33,84.15,2.8
雲嘉南,2018,2,14.31,2.8,14.58,17.29,26.97,46.52,20.27,70.45,2.5
雲嘉南,2018,3,20.13,2.82,16.57,19.41,26.54,80.8,42.33,81.24,2.99
雲嘉南,2018,4,18.99,2.26,14.61,16.87,27.96,62.71,23.97,78.39,2.91
雲嘉南,2018,5,14.1,2.42,13.99,16.48,25.41,44.52,23.39,80.1,2.05
雲嘉南,2018,6,13.89,3.28,16.93,20.15,24.47,62.54,32.33,79.41,2.34
雲嘉南,2018,7,19.38,1.86,14.11,15.95,34.52,88.4,37.71,71.76,2.91
雲嘉南,2018,8,19.97,2.03,14.7,16.8,29.18,71.89,36.09,79.09,2.95
雲嘉南,2018,9,22.4,3.03,14.86,17.95,28.72,83.97,41.63,77.99,3.08
雲嘉南,2018,10,19.5,2.01,13.53,15.51,31.02,59.14,23.82,73.35,2.88
雲嘉南,2018,11,21.99,2.07,14.66,16.73,37.93,72.56,39.11,73.36,3.14
雲嘉南,2018,12,21.16,1.92,13.51,15.39,40.88,64.36,28.09,65.62,2.91
雲嘉南,2018,13,23.54,1.47,11.69,13.25,41.47,79.47,37.9,72.51,2.65
雲嘉南,2018,14,23.47,1.41,10.2,11.72,36.97,84.95,31.26,65.38,2.57
雲嘉南,2018,15,26.03,1.92,10.48,12.37,30.16,51.02,18.23,70.66,2.92
雲嘉南,2018,16,24.35,1.63,12.04,13.61,43.65,72.53,32.96,72.52,3.15
雲嘉南,2018,17,26.58,1.74,11.01,12.59,40.67,66.03,31.1,73.09,3.45
雲嘉南,2018,18,27.98,1.7,8.86,10.57,34.72,56.76,23.67,71.41,3.02
雲嘉南,2018,19,26.87,1.89,10.19,12.01,31.59,51.13,19.15,76.34,3.04
雲嘉南,2018,20,29.31,2.29,7.47,9.79,17.55,33.27,12.74,74.31,2.69
雲嘉南,2018,21,29.79,1.86,7.86,9.61,26.43,42.62,19.07,70.95,2.93
雲嘉南,2018,22,29.98,1.73,7.66,9.26,32.52,51.64,17.99,72.39,3.03
雲嘉南,2018,23,30.2,1.61,7.95,9.51,32.24,45.64,17.28,73.45,3.04
雲嘉南,2018,24,28.18,1.4,9.05,10.5,40.38,45.83,17.71,78.94,2.73
雲嘉南,2018,25,27.36,2.38,6.96,9.4,17.37,28.26,8.21,85.01,2.03
雲嘉南,2018,26,29.12,2.19,7.03,9.27,18.71,33.32,10.81,75.9,2.28
雲嘉南,2018,27,27.97,2.25,6.96,9.22,18.58,26.95,7.97,81.9,2.07
雲嘉南,2018,28,29.26,2.0,7.47,9.47,25.66,40.87,17.49,77.46,3.0
雲嘉南,2018,29,29.75,1.62,6.62,8.17,30.6,39.81,17.74,76.89,2.64
雲嘉南,2018,30,29.41,1.99,6.98,8.96,21.87,34.51,13.0,77.8,2.22
雲嘉南,2018,31,30.02,2.02,5.93,7.9,21.83,29.36,10.6,75.63,2.11
雲嘉南,2018,32,29.92,1.64,6.46,7.99,32.0,37.06,18.31,74.0,2.57
雲嘉南,2018,33,28.45,1.9,7.06,8.95,23.97,25.43,8.76,81.53,2.28
雲嘉南,2018,34,27.18,1.9,6.97,8.78,28.81,23.56,8.68,87.34,2.01
雲嘉南,2018,35,26.43,2.93,6.86,9.74,17.48,23.52,9.06,85.14,2.01
雲嘉南,2018,36,28.45,1.96,7.15,9.03,25.89,33.83,13.63,80.15,2.09
雲嘉南,2018,37,28.62,2.08,9.73,11.75,30.7,50.54,22.06,80.38,3.08
雲嘉南,2018,38,29.53,1.8,7.91,9.66,29.28,44.42,22.01,75.6,2.73
雲嘉南,2018,39,27.51,1.03,8.93,10.0,42.68,62.07,19.12,70.45,2.66
雲嘉南,2018,40,25.91,1.16,11.7,13.11,53.77,73.34,29.06,68.09,3.19
雲嘉南,2018,41,25.6,1.89,12.05,13.77,37.6,56.11,25.25,77.09,3.11
雲嘉南,2018,42,25.23,1.86,12.64,14.38,38.5,58.5,26.18,77.27,3.09
雲嘉南,2018,43,24.88,1.89,12.27,14.07,42.2,81.09,33.41,73.27,3.69
雲嘉南,2018,44,23.08,2.36,14.91,17.21,33.5,65.83,25.86,77.17,3.07
雲嘉南,2018,45,25.18,2.5,13.0,15.47,32.77,83.41,43.92,82.21,3.05
雲嘉南,2018,46,24.4,2.44,15.41,17.95,30.68,71.6,33.98,78.68,3.63
雲嘉南,2018,47,22.95,2.13,13.74,15.91,30.67,61.17,23.98,76.81,3.05
雲嘉南,2018,48,22.06,2.67,15.22,17.83,29.36,61.33,30.39,81.1,3.02
雲嘉南,2018,49,23.29,3.04,14.51,17.5,25.72,64.34,24.32,76.46,3.05
雲嘉南,2018,50,20.91,2.52,14.73,17.34,23.0,52.3,22.02,78.33,2.99
雲嘉南,2018,51,20.89,2.74,17.0,19.61,31.16,81.91,36.95,71.8,3.0
雲嘉南,2018,52,19.6,1.99,12.64,14.53,27.02,54.5,16.47,74.69,2.41
雲嘉南,2019,1,20.57,2.99,15.25,18.32,22.52,54.82,23.98,81.38,2.78
雲嘉南,2019,2,21.28,3.09,15.12,18.27,25.08,71.61,32.02,80.5,2.8
雲嘉南,2019,3,18.52,1.91,14.28,16.08,30.26,74.7,38.07,81.39,2.35
雲嘉南,2019,4,17.11,2.31,15.86,18.14,35.53,82.52,37.93,72.03,3.05
雲嘉南,2019,5,20.54,2.6,15.57,18.06,31.95,76.71,38.08,74.58,2.97
雲嘉南,2019,6,21.34,1.48,10.34,11.88,30.34,56.56,27.18,75.53,2.09
雲嘉南,2019,7,21.98,1.98,13.13,15.11,29.77,56.15,25.77,76.85,2.84
雲嘉南,2019,8,21.33,2.41,13.47,15.9,27.97,58.08,29.29,80.7,2.45
雲嘉南,2019,9,22.03,1.72,11.75,13.47,36.12,65.83,34.17,78.29,2.33
雲嘉南,2019,10,19.57,2.42,15.47,17.86,28.83,42.77,23.29,85.62,2.22
雲嘉南,2019,11,21.83,2.08,14.21,16.26,42.15,69.33,36.35,73.32,2.96
雲嘉南,2019,12,22.45,3.07,13.36,16.37,25.14,53.68,27.08,80.63,2.78
雲嘉南,2019,13,23.62,1.76,10.77,12.46,37.05,50.46,23.62,77.41,2.9
雲嘉南,2019,14,23.93,1.61,10.31,11.95,39.85,58.98,32.81,78.1,2.29
雲嘉南,2019,15,25.32,1.89,10.03,11.88,32.6,48.42,22.9,76.26,2.83
雲嘉南,2019,16,25.41,1.63,11.02,12.66,35.13,39.23,20.15,80.36,2.08
雲嘉南,2019,17,27.74,1.93,8.22,10.0,28.16,39.97,19.28,75.75,2.09
雲嘉南,2019,18,24.45,1.67,10.35,12.04,33.28,39.46,18.02,82.68,2.05
雲嘉南,2019,19,25.09,1.83,10.98,12.73,34.61,47.24,24.65,82.62,2.54
雲嘉南,2019,20,28.62,2.1,6.72,8.9,18.14,28.07,11.25,79.9,2.0
雲嘉南,2019,21,26.85,1.53,10.2,11.77,41.41,54.04,26.56,77.85,3.02
雲嘉南,2019,22,27.99,2.02,8.1,10.02,25.89,31.0,12.36,76.77,2.12
雲嘉南,2019,23,29.29,2.59,6.75,9.29,16.05,22.18,8.81,75.75,2.0
雲嘉南,2019,24,27.66,1.92,8.55,10.34,31.55,23.28,13.24,82.41,2.02
雲嘉南,2019,25,29.58,2.3,6.48,8.78,16.42,19.71,7.42,75.06,1.9
雲嘉南,2019,26,28.8,2.07,7.1,9.26,21.2,20.71,8.17,77.35,1.91
雲嘉南,2019,27,28.66,2.27,5.87,8.11,18.73,18.35,7.4,79.66,2.0
雲嘉南,2019,28,29.37,1.92,5.21,7.22,18.47,15.79,9.91,78.69,1.97
雲嘉南,2019,29,29.15,1.9,6.74,8.55,24.74,22.56,13.07,80.15,1.99
雲嘉南,2019,30,29.58,1.99,6.21,8.19,19.43,18.01,7.98,76.76,1.97
雲嘉南,2019,31,29.08,1.76,7.19,8.98,28.16,27.18,14.35,79.46,2.03
雲嘉南,2019,32,29.71,1.73,5.23,6.81,27.97,31.77,12.57,81.67,1.98
雲嘉南,2019,33,27.42,1.67,6.01,7.7,26.67,14.77,7.08,87.67,1.82
雲嘉南,2019,34,28.43,1.88,6.49,8.16,27.05,23.84,13.59,83.7,2.04
雲嘉南,2019,35,29.1,1.98,7.24,9.14,27.07,28.29,16.38,80.53,2.28
雲嘉南,2019,36,28.71,1.93,7.05,8.87,27.65,23.48,12.81,80.87,2.02
雲嘉南,2019,37,29.03,1.2,7.71,9.07,37.3,37.83,22.48,78.75,2.23
雲嘉南,2019,38,27.05,1.21,8.57,9.92,51.83,56.66,18.59,68.41,2.16
雲嘉南,2019,39,27.65,1.95,10.61,12.38,37.54,56.13,23.74,75.44,2.93
雲嘉南,2019,40,28.39,1.55,7.8,9.36,40.49,49.8,31.13,75.96,2.08
雲嘉南,2019,41,27.7,1.4,9.28,10.7,45.02,59.61,27.69,74.17,2.82
雲嘉南,2019,42,25.27,1.65,10.83,12.39,43.6,61.82,20.85,68.57,2.81
雲嘉南,2019,43,25.47,2.01,12.34,14.27,40.33,56.68,25.36,73.49,2.93
雲嘉南,2019,44,25.16,1.79,11.11,12.84,41.63,71.9,27.07,76.9,2.64
雲嘉南,2019,45,23.32,1.89,12.4,14.22,41.78,60.39,23.01,70.48,2.71
雲嘉南,2019,46,23.16,2.33,14.61,16.85,42.13,72.74,34.57,72.74,2.99
雲嘉南,2019,47,22.77,2.63,12.7,15.27,28.76,51.62,19.78,76.37,2.18
雲嘉南,2019,48,21.55,2.02,12.23,14.22,31.95,56.12,19.6,72.71,2.28
雲嘉南,2019,49,16.9,2.17,12.62,14.91,30.06,34.74,15.38,73.96,2.0
雲嘉南,2019,50,20.12,3.43,15.61,19.04,30.12,58.08,29.32,75.97,2.25
雲嘉南,2019,51,21.18,3.72,14.54,18.22,21.05,44.6,22.72,81.05,2.2
雲嘉南,2019,52,19.94,2.39,14.38,16.76,24.17,42.74,19.16,80.53,2.14
高屏,2016,1,21.94,5.17,16.3,21.49,22.14,60.98,34.15,82.45,3.35
高屏,2016,2,19.34,3.81,16.25,20.04,25.66,54.12,30.2,79.48,3.09
高屏,2016,3,19.49,4.99,18.22,23.18,24.87,61.29,35.31,79.88,3.5
高屏,2016,4,15.33,4.04,16.88,20.9,25.33,48.19,26.89,77.13,2.84
高屏,2016,5,19.05,4.56,16.45,21.03,22.06,47.51,25.74,80.01,2.36
高屏,2016,6,17.45,2.44,12.93,15.35,39.44,61.91,35.83,64.62,2.74
高屏,2016,7,20.08,4.24,15.0,19.23,21.58,49.24,27.2,74.02,2.85
高屏,2016,8,19.83,3.03,17.44,20.36,32.2,77.6,42.97,72.72,3.29
高屏,2016,9,20.01,2.66,16.07,18.65,38.48,75.25,39.36,68.09,3.36
高屏,2016,10,23.13,3.36,15.76,19.06,30.41,56.43,32.24,72.6,3.8
高屏,2016,11,19.79,5.52,18.21,23.67,23.72,53.59,30.4,81.62,3.39
高屏,2016,12,22.9,3.4,15.09,18.45,25.81,58.15,34.19,81.25,2.92
高屏,2016,13,19.68,2.64,15.67,18.29,42.69,60.28,33.75,69.69,3.37
高屏,2016,14,26.08,2.24,11.54,13.84,29.63,56.05,31.27,73.8,3.65
高屏,2016,15,25.99,2.66,11.77,14.38,29.12,36.51,18.3,76.81,3.56
高屏,2016,16,27.09,3.07,10.29,13.33,27.84,41.16,20.32,74.68,3.23
高屏,2016,17,27.85,2.34,9.28,11.63,24.58,34.91,16.05,73.79,3.23
高屏,2016,18,27.67,2.26,9.43,11.8,36.56,54.68,29.02,69.88,3.46
高屏,2016,19,28.79,2.51,8.22,10.79,22.29,30.6,10.91,73.79,3.26
高屏,2016,20,27.83,2.02,10.04,12.02,41.15,43.38,19.73,72.79,3.25
高屏,2016,21,27.91,1.99,8.97,10.91,29.81,34.27,15.19,78.62,3.03
高屏,2016,22,30.42,2.48,6.5,8.96,18.78,27.69,8.83,72.52,2.93
高屏,2016,23,29.14,2.33,6.89,9.13,21.62,27.28,8.98,77.48,2.46
高屏,2016,24,27.27,3.48,7.55,10.92,18.57,25.72,7.23,85.3,2.58
高屏,2016,25,30.0,3.06,6.52,9.49,17.76,27.14,8.44,73.25,3.0
高屏,2016,26,30.8,2.93,5.46,8.34,15.9,28.93,7.05,71.2,2.97
高屏,2016,27,30.43,2.28,6.89,9.26,23.61,32.73,10.65,72.05,3.34
高屏,2016,28,28.01,2.19,5.88,8.1,23.21,28.46,7.04,84.52,2.56
高屏,2016,29,29.75,2.55,6.34,8.86,17.58,31.32,10.67,74.76,2.76
高屏,2016,30,30.36,2.36,7.23,9.61,23.97,29.37,12.36,71.49,3.21
高屏,2016,31,29.29,2.15,7.07,9.24,26.25,30.99,12.51,75.81,2.77
高屏,2016,32,29.2,2.02,7.72,9.75,32.01,29.83,12.03,78.58,2.82
高屏,2016,33,27.3,2.44,7.37,9.85,21.52,22.99,5.97,85.22,2.77
高屏,2016,34,29.11,2.38,8.09,10.49,29.89,37.61,16.67,77.8,2.85
高屏,2016,35,28.73,2.09,9.05,11.0,46.31,45.66,23.29,76.19,2.95
高屏,2016,36,27.01,3.19,8.84,12.0,21.81,19.95,6.55,87.4,2.38
高屏,2016,37,28.92,2.82,6.77,9.56,22.07,26.93,9.63,79.86,2.52
高屏,2016,38,28.5,2.25,9.27,11.5,37.91,42.25,18.24,77.4,2.96
高屏,2016,39,28.32,2.0,8.69,10.46,43.68,50.23,23.67,79.85,3.09
高屏,2016,40,27.8,2.61,10.9,13.55,32.27,41.6,18.96,80.74,3.44
高屏,2016,41,26.54,3.26,10.26,13.47,22.77,36.39,13.22,85.68,2.61
高屏,2016,42,28.19,2.86,11.95,14.8,36.59,64.43,30.78,78.21,3.52
高屏,2016,43,28.91,2.38,9.66,12.09,27.3,43.6,17.17,76.9,3.42
高屏,2016,44,26.67,2.39,13.76,16.07,41.45,69.84,32.34,73.47,3.79
高屏,2016,45,25.2,2.25,13.53,15.71,39.34,59.49,28.4,71.77,3.21
高屏,2016,46,25.75,2.2,15.07,17.33,46.04,78.31,43.03,75.69,4.09
高屏,2016,47,25.53,3.74,16.63,20.38,29.76,66.26,36.09,77.97,3.61
高屏,2016,48,22.95,3.35,15.4,18.79,27.51,51.82,24.16,80.25,2.86
高屏,2016,49,23.59,3.34,18.07,21.42,31.97,83.11,41.25,77.02,3.57
高屏,2016,50,22.51,2.97,17.04,20.05,34.68,70.69,33.48,72.99,3.61
高屏,2016,51,21.82,3.2,18.47,21.71,33.1,72.56,39.46,72.71,3.75
高屏,2016,52,20.66,4.03,17.23,21.31,27.87,69.91,34.33,76.36,3.12
高屏,2017,1,22.32,3.15,15.72,18.9,32.84,76.7,41.44,77.8,3.07
高屏,2017,2,21.74,3.36,17.9,21.2,33.18,78.43,40.35,75.75,3.58
高屏,2017,3,20.25,3.06,17.27,20.37,29.81,67.85,32.89,73.73,3.19
高屏,2017,4,19.5,2.83,17.17,19.95,35.59,76.6,35.05,69.38,3.5
高屏,2017,5,20.81,2.16,14.65,16.79,32.69,70.76,32.69,73.21,3.41
高屏,2017,6,18.74,2.93,16.54,19.39,31.93,84.6,41.65,70.44,3.38
高屏,2017,7,19.85,2.83,16.12,18.98,39.33,68.39,34.17,66.43,3.4
高屏,2017,8,22.72,3.17,15.65,18.8,30.1,68.9,32.6,74.83,3.36
高屏,2017,9,20.65,2.04,15.3,17.25,42.53,78.1,38.54,66.62,3.66
高屏,2017,10,21.64,3.19,16.6,19.72,32.95,66.68,36.42,74.99,3.12
高屏,2017,11,22.83,2.5,14.03,16.5,39.52,65.54,34.02,74.61,3.52
高屏,2017,12,24.81,2.02,12.24,14.21,41.72,63.91,29.68,72.43,3.42
高屏,2017,13,22.07,1.84,13.1,14.89,43.95,63.06,29.64,69.55,3.06
高屏,2017,14,23.95,1.61,10.87,12.44,46.8,56.95,26.68,63.3,2.91
高屏,2017,15,25.54,2.93,12.03,14.96,26.29,43.11,20.85,77.69,3.05
高屏,2017,16,27.1,2.13,8.91,11.04,25.8,38.05,16.7,75.6,2.85
高屏,2017,17,24.45,1.83,12.42,14.09,44.83,52.79,26.22,75.53,3.39
高屏,2017,18,27.61,1.69,10.17,11.74,40.92,52.32,25.68,68.48,3.53
高屏,2017,19,28.89,2.1,8.5,10.53,30.44,43.74,18.72,68.71,3.46
高屏,2017,20,26.72,1.85,10.36,12.16,37.77,40.3,18.84,76.65,2.97
高屏,2017,21,27.82,1.72,8.71,10.41,34.12,34.91,14.97,77.98,2.79
高屏,2017,22,28.0,1.99,7.12,9.03,29.25,36.23,14.48,82.0,2.99
高屏,2017,23,29.31,2.38,6.94,9.34,19.0,29.01,10.07,77.7,2.75
高屏,2017,24,28.43,2.62,6.0,8.59,15.45,26.21,8.15,81.32,2.3
高屏,2017,25,29.5,2.7,6.42,9.06,15.73,24.49,9.52,74.48,2.69
高屏,2017,26,29.89,2.31,6.74,9.07,18.69,28.97,10.68,72.75,2.74
高屏,2017,27,29.56,2.56,6.27,8.8,17.37,25.8,9.38,74.05,2.77
高屏,2017,28,29.94,2.12,7.03,9.19,21.03,27.83,10.81,72.38,2.79
高屏,2017,29,29.51,1.89,8.64,10.49,30.96,36.98,18.92,75.11,3.08
高屏,2017,30,29.05,1.97,7.4,9.29,24.48,32.13,14.79,78.7,2.74
高屏,2017,31,28.35,2.03,7.05,9.05,22.77,31.26,11.85,84.78,2.51
高屏,2017,32,30.19,2.01,5.48,7.4,16.56,30.46,11.72,77.81,2.3
高屏,2017,33,30.74,1.81,6.9,8.61,21.73,28.75,13.39,73.73,2.79
高屏,2017,34,29.23,1.8,8.34,10.09,24.5,34.11,15.54,78.77,3.2
高屏,2017,35,28.56,1.94,8.35,10.21,23.59,33.44,15.13,81.38,2.92
高屏,2017,36,29.63,1.72,6.41,8.08,23.23,30.42,12.74,78.91,2.91
高屏,2017,37,30.06,1.55,8.23,9.71,34.44,41.52,19.08,75.24,3.02
高屏,2017,38,29.7,1.13,9.63,10.86,44.83,53.55,30.02,74.51,3.85
高屏,2017,39,30.12,1.75,8.21,9.85,29.1,38.74,19.13,77.62,3.49
高屏,2017,40,29.76,1.18,9.61,10.81,39.38,53.92,26.79,78.54,3.56
高屏,2017,41,28.85,2.05,10.12,12.09,28.46,47.54,20.25,81.65,3.23
高屏,2017,42,27.43,2.01,9.98,11.85,32.24,49.92,18.87,81.59,2.7
高屏,2017,43,25.2,1.54,12.9,14.43,49.4,74.01,30.36,70.08,3.36
高屏,2017,44,25.01,1.62,14.08,15.66,41.68,75.12,27.62,71.9,3.34
高屏,2017,45,25.73,2.07,14.79,16.76,32.89,78.84,37.38,81.64,3.26
高屏,2017,46,26.08,2.57,14.2,16.76,30.22,67.19,33.44,81.1,3.21
高屏,2017,47,23.44,2.4,16.12,18.47,30.61,74.26,29.59,75.48,3.17
高屏,2017,48,24.57,2.23,15.27,17.48,31.16,76.72,33.68,78.61,3.06
高屏,2017,49,20.85,2.45,17.01,19.44,28.03,73.59,33.58,74.36,2.96
高屏,2017,50,20.79,2.98,16.9,19.87,27.77,70.72,32.24,76.99,3.14
高屏,2017,51,19.41,2.25,15.87,18.17,30.85,65.54,28.52,70.51,3.08
高屏,2017,52,21.27,1.94,14.83,16.72,35.23,83.65,42.31,75.42,3.05
高屏,2018,1,20.65,3.71,16.22,19.99,27.19,68.7,35.49,81.58,2.81
高屏,2018,2,16.58,2.97,15.35,18.32,26.89,49.43,21.91,72.16,2.6
高屏,2018,3,21.91,3.14,17.87,21.01,30.4,79.89,43.61,76.96,3.23
高屏,2018,4,21.36,2.49,15.76,18.3,31.82,73.92,32.29,75.07,2.85
高屏,2018,5,16.62,3.09,15.59,18.66,23.92,53.23,28.46,77.99,2.32
高屏,2018,6,16.04,3.44,16.36,19.77,23.91,57.35,32.04,77.24,2.03
高屏,2018,7,21.02,2.13,12.8,14.98,32.62,69.95,29.07,71.83,2.63
高屏,2018,8,22.54,2.37,14.01,16.35,31.09,66.05,33.58,73.94,2.83
高屏,2018,9,24.44,2.66,13.15,15.77,30.37,63.72,29.48,73.62,3.11
高屏,2018,10,21.54,2.23,13.39,15.67,31.6,60.79,26.37,72.68,3.02
高屏,2018,11,23.34,1.97,13.42,15.29,43.6,62.04,30.74,68.38,3.08
高屏,2018,12,22.27,1.69,11.93,13.6,44.49,57.72,23.7,64.75,2.83
高屏,2018,13,24.05,1.25,10.83,12.13,44.73,62.58,29.77,67.85,2.83
高屏,2018,14,23.94,1.22,9.69,10.91,38.43,67.72,25.13,67.52,2.82
高屏,2018,15,26.8,1.96,9.8,11.67,28.96,43.53,14.38,70.13,3.03
高屏,2018,16,25.93,1.19,11.34,12.58,46.53,61.4,26.79,68.3,3.46
高屏,2018,17,26.8,1.25,9.16,10.41,40.76,52.04,21.87,75.76,2.91
高屏,2018,18,28.34,1.54,8.45,9.93,33.37,47.06,17.61,71.36,2.97
高屏,2018,19,26.98,1.51,8.34,9.76,33.41,40.38,14.2,77.4,2.88
高屏,2018,20,29.64,2.18,7.21,9.47,19.27,30.83,10.61,73.46,3.13
高屏,2018,21,30.08,1.59,7.34,8.91,26.17,36.36,13.99,70.32,2.71
高屏,2018,22,30.26,1.5,7.39,8.88,30.34,35.87,13.81,72.22,3.0
高屏,2018,23,30.19,1.25,7.38,8.68,29.62,35.48,12.53,73.48,2.85
高屏,2018,24,28.0,1.17,7.59,8.76,39.79,36.3,12.08,82.42,2.53
高屏,2018,25,27.68,2.7,7.34,10.03,17.54,23.25,7.5,87.18,2.35
高屏,2018,26,29.07,1.94,6.76,8.66,19.03,25.23,9.15,79.23,2.36
高屏,2018,27,27.24,2.9,7.83,10.72,17.51,22.64,7.04,87.0,2.1
高屏,2018,28,29.19,1.57,7.21,8.76,24.76,30.77,11.9,78.08,2.85
高屏,2018,29,29.16,1.4,6.59,8.1,25.94,31.71,12.46,80.33,2.52
高屏,2018,30,28.86,1.81,7.13,8.96,22.13,28.64,11.06,82.12,2.47
高屏,2018,31,29.72,2.03,6.65,8.65,20.23,26.56,9.77,78.89,2.1
高屏,2018,32,29.11,1.37,6.52,7.93,28.9,27.01,11.32,79.05,2.28
高屏,2018,33,27.53,1.95,7.49,9.33,23.82,20.32,6.94,88.05,2.29
高屏,2018,34,26.91,1.7,6.87,8.53,28.95,19.43,7.89,90.24,2.3
高屏,2018,35,26.57,3.54,6.83,10.32,17.65,20.28,8.05,88.29,2.38
高屏,2018,36,28.21,1.72,6.92,8.69,23.58,26.71,11.41,83.05,2.21
高屏,2018,37,28.61,1.83,8.52,10.27,26.34,36.3,15.67,82.34,2.64
高屏,2018,38,29.34,1.48,7.81,9.33,29.11,37.69,18.36,78.43,2.83
高屏,2018,39,27.91,1.13,8.57,9.85,40.85,51.74,18.45,75.63,2.69
高屏,2018,40,26.76,1.05,10.02,11.11,55.58,62.99,25.57,71.52,3.14
高屏,2018,41,26.54,1.43,10.55,12.05,41.45,50.1,25.4,79.46,3.05
高屏,2018,42,26.49,1.28,11.05,12.42,43.72,55.3,25.75,78.14,3.0
高屏,2018,43,25.96,1.29,11.1,12.38,44.82,67.4,29.78,74.81,3.26
高屏,2018,44,24.62,2.52,15.82,18.33,34.91,65.97,28.26,77.09,3.07
高屏,2018,45,26.26,1.72,11.91,13.64,35.5,65.39,33.32,78.99,3.09
高屏,2018,46,25.83,1.79,13.13,14.92,41.13,66.52,35.45,77.11,3.51
高屏,2018,47,24.25,1.96,13.81,15.73,36.18,56.76,25.26,75.39,2.95
高屏,2018,48,23.83,2.42,14.54,16.98,32.63,52.57,26.54,77.48,3.03
高屏,2018,49,24.84,2.22,14.93,17.22,32.93,62.01,27.08,75.88,3.22
高屏,2018,50,22.79,2.93,16.09,19.01,29.62,60.06,29.07,77.43,3.01
高屏,2018,51,22.24,2.28,16.12,18.44,37.29,72.75,34.9,72.81,2.97
高屏,2018,52,21.66,2.07,14.62,16.75,29.48,58.53,23.73,74.43,2.65
高屏,2019,1,22.31,3.45,16.6,20.04,25.28,59.07,29.34,80.08,2.69
高屏,2019,2,23.74,2.78,15.87,18.65,32.11,71.99,33.98,78.17,2.87
高屏,2019,3,20.71,2.26,14.96,17.25,30.11,65.74,35.02,79.0,2.42
高屏,2019,4,19.1,2.66,16.38,19.07,36.42,77.52,37.59,71.05,2.54
高屏,2019,5,22.52,2.41,14.8,17.17,37.87,62.43,29.15,71.43,2.57
高屏,2019,6,22.89,1.54,10.41,11.95,33.96,50.09,24.58,72.69,2.26
高屏,2019,7,23.78,1.97,12.04,13.98,32.36,52.07,23.5,73.17,2.37
高屏,2019,8,23.8,2.12,11.19,13.3,29.44,43.47,20.52,74.13,2.11
高屏,2019,9,23.76,1.79,11.32,13.01,38.03,54.21,28.15,73.48,2.39
高屏,2019,10,21.97,2.36,13.57,15.98,29.33,39.08,20.55,80.21,2.14
高屏,2019,11,23.07,1.87,12.92,14.75,45.75,59.99,31.24,69.51,2.49
高屏,2019,12,24.08,2.47,12.68,15.14,28.04,47.94,25.16,76.64,2.27
高屏,2019,13,24.96,1.83,10.52,12.25,37.37,45.01,21.03,74.4,2.41
高屏,2019,14,25.56,1.28,10.05,11.44,45.01,53.14,30.1,73.28,2.34
高屏,2019,15,26.68,1.98,9.47,11.4,35.44,44.15,21.6,72.97,2.52
高屏,2019,16,26.09,1.82,10.62,12.33,35.74,32.05,17.06,77.96,2.35
高屏,2019,17,28.3,2.09,7.8,9.91,26.56,32.41,15.7,73.91,2.14
高屏,2019,18,24.91,1.45,9.14,10.56,35.48,31.18,14.81,82.47,1.97
高屏,2019,19,26.67,1.74,10.25,11.87,37.1,42.23,22.14,78.99,2.25
高屏,2019,20,28.69,1.97,6.64,8.65,19.42,27.19,10.48,79.53,2.05
高屏,2019,21,26.77,1.27,8.57,9.96,41.37,37.62,17.69,79.3,2.36
高屏,2019,22,28.72,1.9,7.0,8.83,25.96,25.0,11.46,77.12,2.03
高屏,2019,23,29.41,2.58,6.42,8.93,16.26,20.31,8.89,75.82,2.19
高屏,2019,24,28.36,1.96,7.3,9.15,25.49,20.4,9.46,81.64,2.07
高屏,2019,25,29.94,2.3,6.39,8.79,17.52,19.81,8.29,74.5,2.11
高屏,2019,26,28.72,2.05,6.88,8.99,20.88,21.91,7.51,80.81,2.14
高屏,2019,27,28.0,2.91,6.65,9.49,17.32,20.52,7.53,83.92,1.99
高屏,2019,28,28.87,2.28,5.65,7.98,18.09,18.64,9.75,81.63,1.84
高屏,2019,29,28.55,2.02,6.85,8.79,23.97,23.58,11.41,81.9,1.99
高屏,2019,30,29.51,2.03,6.03,7.96,19.77,17.63,8.36,77.45,1.97
高屏,2019,31,28.93,1.77,6.89,8.56,25.04,23.17,11.79,79.13,2.03
高屏,2019,32,29.4,1.67,5.68,7.27,26.85,28.0,11.21,82.13,1.96
高屏,2019,33,26.91,2.0,7.46,9.38,23.16,16.52,7.64,89.58,1.89
高屏,2019,34,28.21,1.8,6.04,7.79,25.96,20.25,10.72,84.13,2.34
高屏,2019,35,29.07,2.0,7.2,9.16,24.51,25.45,13.96,80.51,2.18
高屏,2019,36,28.17,1.93,6.48,8.39,25.08,19.08,9.4,83.25,2.04
高屏,2019,37,28.7,1.13,7.14,8.43,34.97,29.47,18.2,79.72,2.24
高屏,2019,38,27.67,1.16,7.99,9.35,48.95,46.99,19.81,72.6,2.46
高屏,2019,39,27.9,1.29,8.91,10.26,46.73,49.21,26.77,75.07,2.71
高屏,2019,40,28.06,1.35,7.66,9.07,40.05,42.23,27.04,77.01,2.02
高屏,2019,41,27.47,1.36,7.24,8.59,45.56,41.45,23.5,77.84,2.06
高屏,2019,42,26.53,1.83,9.75,11.48,46.54,52.72,22.52,71.81,2.51
高屏,2019,43,26.15,1.64,9.9,11.46,47.02,47.33,24.67,74.44,2.7
高屏,2019,44,26.05,1.81,11.6,13.38,42.53,62.71,29.15,77.55,2.69
高屏,2019,45,24.15,1.8,12.01,13.77,43.46,56.95,25.33,73.57,2.61
高屏,2019,46,24.23,1.86,12.02,13.79,46.38,57.82,29.1,71.21,2.63
高屏,2019,47,24.2,2.32,13.58,15.9,34.47,50.39,23.3,75.61,2.56
高屏,2019,48,22.64,2.09,13.15,15.27,35.19,53.13,22.83,75.25,2.5
高屏,2019,49,18.13,2.47,13.0,15.46,27.45,35.44,17.85,77.32,1.96
高屏,2019,50,21.47,2.36,14.12,16.53,36.26,48.16,24.63,71.75,2.33
高屏,2019,51,22.68,3.17,14.32,17.61,25.72,45.44,24.17,78.34,2.35
高屏,2019,52,21.74,3.23,15.35,18.55,24.36,45.77,23.16,79.58,2.14
